id,name,type,jurisdiction,parent_ministry_or_department,established_year,official_website,headquarters_city,headquarters_state,mandate_summary,data_source,source_url,collection_date,confidence_score,verification_status,notes
cb26d350-b885-40d3-b490-76ac8b7d0fdf,University Grants Commission (UGC),Central Regulatory Body,National,"Department of Higher Education, Ministry of Education, Government of India",1956,https://www.ugc.gov.in,New Delhi,Delhi,"Statutory body created by the UGC Act 1956 to coordinate, determine and maintain standards of university/higher education, disburse grants, and recognize universities in India.",UGC Official Website,https://www.ugc.gov.in/Home/AboutUGC,2026-07-21,85,VST-NEEDS_REVIEW,"Website content could not be directly re-fetched due to proxy access restriction on gov.in domains in this session; established year corroborated by WebSearch snippets from ugc.gov.in and education.gov.in."
13c28080-96e9-4fca-a89d-6200f36f1dbb,All India Council for Technical Education (AICTE),Central Regulatory Body,National,"Department of Higher Education, Ministry of Education, Government of India",1945,https://www.aicte-india.org,New Delhi,Delhi,"Statutory national-level apex advisory body (statutory since AICTE Act 1987) for planning, promotion, and coordinated development of technical and management education in India.",AICTE Official Website,https://www.aicte-india.org/about-us/history,2026-07-21,80,VST-NEEDS_REVIEW,"Set up Nov 1945 as an advisory body; granted statutory status by Act of Parliament in 1987. Two established_year candidates exist (1945 origin vs 1987 statutory status) - 1945 recorded as founding year, statutory conversion noted here."
396e3974-d276-469a-8894-ebd31b91b064,National Council for Teacher Education (NCTE),Central Regulatory Body,National,"Department of Higher Education, Ministry of Education, Government of India",1995,https://ncte.gov.in,New Delhi,Delhi,"Statutory body regulating and maintaining norms/standards for teacher education programmes and institutions across India, under the NCTE Act 1993 (enforced 1 July 1995).",NCTE Official Website,https://ncte.gov.in/website/index.aspx,2026-07-21,80,VST-NEEDS_REVIEW,"Existed as a non-statutory advisory body from 1973; became statutory 1 July 1995 under NCTE Act 1993. 1995 recorded as the statutory establishment year."
8c2a6bc2-a790-4de1-98b6-8e11ebca4bf0,National Council for Vocational Education and Training (NCVET),Central Regulatory Body,National,"Ministry of Skill Development and Entrepreneurship, Government of India",2018,https://ncvet.gov.in,New Delhi,Delhi,"Overarching national regulator for the technical/vocational education and training (TVET) ecosystem; sets standards, accredits awarding bodies, assessment agencies and skill councils, subsuming NSDA and erstwhile NCVT.",NCVET Official Website,https://ncvet.gov.in/about-ncvet/,2026-07-21,85,VST-NEEDS_REVIEW,"Notified 5 December 2018; became fully operational 1 August 2020."
9ac52242-0d2f-46c3-b725-c599d474ce1d,National Council of Educational Research and Training (NCERT),Central Regulatory Body,National,"Department of School Education and Literacy, Ministry of Education, Government of India",1961,https://ncert.nic.in,New Delhi,Delhi,"Autonomous organisation that assists and advises the Central and State Governments on academic matters related to school education, and develops the National Curriculum Framework and NCERT textbooks.",NCERT Official Website,https://ncert.nic.in/about-us.php?ln=en,2026-07-21,85,VST-NEEDS_REVIEW,"Established 27 July 1961; began formal operation 1 September 1961; formed by merger of seven earlier government organisations."
968f88fa-28fb-4166-ae32-243688714da3,National Institute of Open Schooling (NIOS),National Board - Open Schooling,National,"Department of School Education and Literacy, Ministry of Education, Government of India",1989,https://www.nios.ac.in,Noida,Uttar Pradesh,"National board providing school and vocational education through open and distance learning at secondary and senior secondary level, chiefly for out-of-school youth and adults.",NIOS Official Website (cross-checked with WebSearch summary),https://nios.ac.in/,2026-07-21,75,VST-NEEDS_REVIEW,"Established 12 November 1989. Headquarters address (A-24/25, Institutional Area, Sector-62, Noida) taken from search snippet, not independently re-fetched."
a61ff5ac-f072-41a4-a1bf-a5bb16158c46,Central Board of Secondary Education (CBSE),National Examination Board,National,"Department of School Education and Literacy, Ministry of Education, Government of India",1929,https://www.cbse.gov.in,New Delhi,Delhi,"National-level board that conducts Class X and XII board examinations and affiliates schools across India and abroad following a common curriculum.",CBSE Official Website,https://www.cbse.gov.in/cbsenew/history.html,2026-07-21,80,VST-NEEDS_REVIEW,"Originated 1929 as Board of High School and Intermediate Education for Rajputana, Central India, Gwalior and Ajmer-Merwara; renamed Central Board of Secondary Education in 1952; HQ shifted to New Delhi in 1962."
c8b19045-f2bb-4bcd-acf4-75f85c30f31e,Council for the Indian School Certificate Examinations (CISCE),"National Examination Board (Private, Non-Governmental)",National,"Not a government body - private educational board registered under the Societies Registration Act; examinations recognized by Ministry of Education / state governments",1958,https://www.cisce.org,New Delhi,Delhi,"Private, non-governmental national-level board conducting the ICSE (Class X) and ISC (Class XII) examinations; recognized by central and state governments.","WebSearch cross-check (CISCE self-description, secondary sources)",https://en.wikipedia.org/wiki/Council_for_the_Indian_School_Certificate_Examinations,2026-07-21,62,VST-NEEDS_REVIEW,"Established 3 November 1958. Multiple similar-looking domains found in search (cisce.org, cisceboard.org, cisce.net, csisce.org.in) - cisce.org selected as most consistent with the registered-office contact details found (council@cisce.org). Direct fetch to confirm was blocked by session proxy policy; confidence lowered accordingly."
9ca1153d-09b9-483f-bdfc-790eaa4b9a68,National Testing Agency (NTA),National Testing Agency,National,"Department of Higher Education, Ministry of Education, Government of India",2017,https://nta.ac.in,New Delhi,Delhi,"Autonomous, self-sustained premier testing organisation that conducts entrance examinations for admission/fellowship in higher educational institutions, including JEE Main, NEET-UG, UGC-NET and CUET.",NTA Official Website,https://exams.nta.nic.in/about-us/,2026-07-21,83,VST-NEEDS_REVIEW,"Established November 2017. Headquarters at NSIC-MDBP Building, Okhla Industrial Estate, New Delhi (per search snippet)."
db9caf38-3063-49f8-9b87-8b8787b92e86,National Assessment and Accreditation Council (NAAC),Accreditation Body,National,"Autonomous body funded by UGC, Department of Higher Education, Ministry of Education, Government of India",1994,https://naac.gov.in,Bengaluru,Karnataka,"Assesses and accredits higher education institutions (universities and colleges) in India based on quality parameters, in response to the National Policy on Education 1986 recommendations.",UGC Official Website (NAAC page) / WebSearch cross-check,https://www.ugc.gov.in/Aboutus/NAAC,2026-07-21,78,VST-NEEDS_REVIEW,"Established 1994; headquartered in Bengaluru. Direct fetch of naac.gov.in was blocked by session proxy policy, so confirmation relies on UGC page summary and secondary sources."
69348e34-0547-430b-88ee-4c6983f98076,National Board of Accreditation (NBA),Accreditation Body,National,"Autonomous body under Department of Higher Education, Ministry of Education, Government of India (originally established by AICTE)",1994,https://www.nbaind.org,New Delhi,Delhi,"Accredits technical education programmes (engineering, management, pharmacy, architecture, hospitality etc.) at the programme level rather than institution level.",WebSearch cross-check (NBA official site + Ministry of Education page),https://www.nbaind.org/,2026-07-21,72,VST-NEEDS_REVIEW,"Established by AICTE in 1994; became an autonomous body in 2010. Headquarters: NBCC Place, Bhisham Pitamah Marg, Pragati Vihar, New Delhi (per search snippet)."
b12059bd-6c42-4dff-a1bb-88e4f879f097,National Institutional Ranking Framework (NIRF),National Ranking Framework,National,"Department of Higher Education, Ministry of Education, Government of India",2015,https://www.nirfindia.org,New Delhi,Delhi,"Methodology adopted by the Ministry of Education to rank higher education institutions across India annually (India Rankings) using parameters such as teaching/learning, research, graduation outcomes, outreach and perception.",NIRF Official Website,https://www.nirfindia.org/Home/About,2026-07-21,83,VST-NEEDS_REVIEW,"Approved and launched 29 September 2015; first India Rankings released in 2016."
1967ba9b-16f7-425e-a201-f1181b95c87c,All India Survey on Higher Education (AISHE),National Survey / Statistical Body,National,"Department of Higher Education, Ministry of Education, Government of India",2011,https://aishe.gov.in,New Delhi,Delhi,"Annual web-based survey of all higher education institutions in India, collecting data on enrolment, teachers, infrastructure and outcomes used for education planning and policy formulation.",AISHE Official Website,https://aishe.gov.in/about-survey/,2026-07-21,80,VST-NEEDS_REVIEW,"First survey cycle conducted for 2010-11; some secondary sources cite 2011 as launch year. Ministry of Education (formerly MHRD) is the parent department."
522a406f-cac7-4125-9590-f41a1ad5b556,State Council of Educational Research and Training (SCERT) Telangana,State Curriculum Body,Telangana,"School Education Department, Government of Telangana",2014,https://scert.telangana.gov.in,Hyderabad,Telangana,"State-level academic authority responsible for curriculum framework, textbook development, teacher training and educational research for school education in Telangana.",SCERT Telangana Portal (via WebSearch cross-check),https://scert.telangana.gov.in/,2026-07-21,72,VST-NEEDS_REVIEW,"Originally established 27 July 1967 as the unified (undivided) Andhra Pradesh SCERT; became a separate Telangana entity in June 2014 following state bifurcation. established_year field reflects the Telangana-specific entity's formation, not the 1967 origin."
d6c1a2c6-0080-44fe-ac66-abe5175a007d,Board of Secondary Education Telangana (BSE Telangana / SSC Board),State Board - Secondary,Telangana,"Department of School Education, Government of Telangana",2016,https://bse.telangana.gov.in,Hyderabad,Telangana,"Regulates and conducts the SSC (Class X) and Open SSC examinations and affiliates schools across Telangana; functions as an independent department under the state government (also referred to as the Directorate of Government Examinations, Telangana).",WebSearch cross-check (multiple secondary education portals),https://bse.telangana.gov.in/,2026-07-21,65,VST-NEEDS_REVIEW,"Established 10 May 2016 following post-bifurcation reorganisation. Several near-identical domains appear in search results (bse.telangana.gov.in, bsetelanganagov.in, bset.ac) - bse.telangana.gov.in selected as the canonical .gov.in domain, but direct fetch to confirm was blocked (403) by session proxy policy."
98830306-89fa-4a29-927f-d020ca7d468a,Telangana State Board of Intermediate Education (TSBIE),State Board - Intermediate,Telangana,"Department of Intermediate Education, Government of Telangana",2014,https://tsbie.cgg.gov.in,Hyderabad,Telangana,"Autonomous statutory body regulating and supervising intermediate (Class XI-XII) education in Telangana, including affiliation of junior colleges and conduct of examinations.",TSBIE Official Website (via WebSearch cross-check),https://tsbie.cgg.gov.in/home.do,2026-07-21,75,VST-NEEDS_REVIEW,"Formally constituted 21 October 2014 with retrospective effect from Telangana's formation on 2 June 2014. Headquartered at Nampally, Hyderabad."
ea1524f9-e630-49cc-9cae-900d4baa9636,Telangana State Council of Higher Education (TSCHE),State Regulatory Body - Higher Education,Telangana,"Higher Education Department, Government of Telangana",2014,https://tgche.ac.in,Hyderabad,Telangana,"Advises the Telangana state government on higher education matters, coordinates state-level common entrance tests (e.g. TS EAMCET), and undertakes planning/perspective development of higher education in the state.",TSCHE Official Website (History page),https://tgche.ac.in/history/,2026-07-21,70,VST-NEEDS_REVIEW,"Came into existence by Order of the Government of Telangana adopting the APSCHE Act 16 of 1988, pursuant to the Andhra Pradesh Reorganisation Act 2014. Direct fetch of tgche.ac.in was blocked (403) by session proxy policy; relied on WebSearch summary."
a2f861d7-3d0f-4cc6-8dc3-286933699b7a,State Council of Educational Research and Training (SCERT) Andhra Pradesh,State Curriculum Body,Andhra Pradesh,"School Education Department, Government of Andhra Pradesh",1967,https://scert.ap.gov.in,Mangalagiri (Guntur District),Andhra Pradesh,"State-level academic authority for curriculum development, textbooks, teacher training and educational research for school education in Andhra Pradesh; the first SCERT established in India.",SCERT AP Portal / secondary news source on 2025 office relocation,https://scert.ap.gov.in/SCERT/,2026-07-21,68,VST-NEEDS_REVIEW,"Established 27 July 1967 by amalgamating the State Institute of Education, State Bureau of Educational and Vocational Guidance, and State Science Education Unit; was the first SCERT in India. Office relocated from Vijayawada to Atmakuru, Mangalagiri, Guntur District around March 2025 per a Deccan Chronicle report - treated as a secondary source, not government-confirmed."
4a841d73-f90c-4586-857c-6ec478f143f4,Board of Secondary Education Andhra Pradesh (BSEAP),State Board - Secondary,Andhra Pradesh,"Department of School Education, Government of Andhra Pradesh",1969,https://bse.ap.gov.in,Vijayawada,Andhra Pradesh,"Regulates and conducts the SSC (Class X) examinations and affiliates schools across Andhra Pradesh; also functions as the Directorate of Government Examinations, Andhra Pradesh.",WebSearch cross-check (Wikipedia and secondary education portals - conflicting dates found),https://en.wikipedia.org/wiki/Andhra_Pradesh_Board_of_Secondary_Education,2026-07-21,58,VST-NEEDS_REVIEW,"Conflicting establishment dates found: some sources cite 1953 (informal genesis after AP's formation as a linguistic state), others cite formal establishment via G.O.Ms.No.63, Education (W-2) Department dated 16-01-1969. 1969 (the GO-documented date) recorded here as the more specific, citable date; 1953 noted as an alternate/informal claim. Not independently verified against a primary GO document, hence lower confidence."
0cc94e3f-294b-420a-bc07-14881ad04a19,Board of Intermediate Education Andhra Pradesh (BIEAP),State Board - Intermediate,Andhra Pradesh,"Department of Intermediate Education, Government of Andhra Pradesh",1971,https://bieap.gov.in,Tadepalli (Guntur District),Andhra Pradesh,"Regulates and conducts intermediate (Class XI-XII) examinations and affiliates junior colleges across Andhra Pradesh.","WebSearch cross-check (schools360.in office-relocation report, Wikipedia)","https://en.wikipedia.org/wiki/Board_of_Intermediate_Education,_Andhra_Pradesh",2026-07-21,62,VST-NEEDS_REVIEW,"Established 1971, originally headquartered in Hyderabad; relocated to Vijayawada after 2014 state reorganisation and subsequently to Tadepalli, Guntur District. Multiple near-identical domains found (bie.ap.gov.in, bieap.gov.in, bieap-gov.org, bieap.apcfss.in) - bieap.gov.in selected based on the office-relocation source; not independently re-fetched."
36e51046-dd64-45a5-a631-808622b79614,Andhra Pradesh State Council of Higher Education (APSCHE),State Regulatory Body - Higher Education,Andhra Pradesh,"Higher Education Department, Government of Andhra Pradesh",1988,https://apsche.ap.gov.in,PENDING_VERIFICATION,Andhra Pradesh,"Statutory body advising the Andhra Pradesh state government on higher education matters, overseeing planning and development of higher education, and coordinating state-level common entrance tests.",WebSearch cross-check (multiple secondary sources),https://apsche.ap.gov.in/,2026-07-21,68,VST-NEEDS_REVIEW,"Came into existence 20 May 1988 under Act 16 of 1988. Exact current headquarters city/address (post-2014 reorganisation, likely Guntur District/Vijayawada area) could not be confirmed via available search results or direct fetch (blocked by session proxy policy); headquarters_city marked PENDING_VERIFICATION."
