tool_id,tool_class,function_area,description,msme_relevance,adoption_maturity_india,implementation_complexity,typical_deployment,expected_benefit,data_source,source_url,collection_date,confidence_score,verification_status,notes
ait-001,ERP System,Operations,"Integrated management of inventory, production, purchase, sales and accounts",High,Medium,High,Cloud SaaS or on-premise,Single source of operational truth; reduces reconciliation effort,NASSCOM,https://nasscom.in/,2026-07-25,68,VST-NEEDS_REVIEW,"Adoption barrier is process discipline, not software cost"
ait-002,CRM System,Sales and Marketing,"Tracks leads, customers, quotations and follow-up",High,Medium,Low,Cloud SaaS,Fewer lost enquiries; measurable sales pipeline,NASSCOM,https://nasscom.in/,2026-07-25,68,VST-NEEDS_REVIEW,Highest value for order-driven B2B businesses
ait-003,Accounting and GST Software,Finance and Compliance,"Books of account, invoicing and GST return preparation",Very High,High,Low,Desktop or cloud,Compliance reliability; reduced professional fees,GSTN; Institute of Chartered Accountants of India,https://www.gst.gov.in/,2026-07-25,72,VST-NEEDS_REVIEW,Effectively universal already; GST made it near-mandatory
ait-004,Inventory and Warehouse Management,Operations,"Stock tracking, reorder logic and location management",High,Medium,Medium,Cloud SaaS with barcode or RFID,Lower working capital locked in stock,NASSCOM,https://nasscom.in/,2026-07-25,66,VST-NEEDS_REVIEW,Direct working capital impact makes the business case easiest to prove
ait-005,Predictive Maintenance,Production,Sensor and model-based prediction of equipment failure,Medium,Low,High,IoT sensors with analytics platform,Reduced unplanned downtime,MeitY; industry associations,https://www.meity.gov.in/,2026-07-25,58,VST-NEEDS_REVIEW,Justifiable only where downtime cost is high; rare below a certain scale
ait-006,AI Quality Inspection,Production,Automated defect detection using computer vision,Medium,Low,High,Camera and edge compute on the line,Consistent inspection; lower rejection at customer,MeitY; Samarth Udyog centres,https://www.meity.gov.in/,2026-07-25,58,VST-NEEDS_REVIEW,Most economic where inspection is currently manual and high-volume
ait-007,Computer Vision Sorting and Grading,Production,Automated grading of produce or components by visual attributes,Medium,Low,High,Line-integrated vision system,Grade consistency; higher realisation per unit,MoFPI; APEDA pack-house standards,https://mofpi.gov.in/,2026-07-25,57,VST-NEEDS_REVIEW,Most viable at FPO or shared pack-house scale rather than single micro unit
ait-008,Digital Marketing and Ad Automation,Sales and Marketing,"Automated campaign management, targeting and creative optimisation",High,High,Low,Cloud platforms,Lower customer acquisition cost,NASSCOM,https://nasscom.in/,2026-07-25,66,VST-NEEDS_REVIEW,Already widely adopted among consumer-facing MSMEs
ait-009,Customer Service Chatbot,Sales and Marketing,Automated first-line customer query handling,Medium,Medium,Low,WhatsApp Business API or web widget,Response coverage outside working hours,NASSCOM,https://nasscom.in/,2026-07-25,64,VST-NEEDS_REVIEW,WhatsApp is the dominant channel for Indian MSME customer contact
ait-010,Generative AI for Content and Documentation,Cross-Functional,"Drafting product content, proposals, translations and documentation",High,Medium,Low,Cloud SaaS,Substantially reduced content and documentation time,NASSCOM,https://nasscom.in/,2026-07-25,62,VST-NEEDS_REVIEW,Lowest-friction AI entry point; no integration required
ait-011,Workflow and Robotic Process Automation,Operations,Automates repetitive rule-based digital tasks,Medium,Low,Medium,Cloud or desktop RPA,Fewer manual data-entry errors,NASSCOM,https://nasscom.in/,2026-07-25,60,VST-NEEDS_REVIEW,"Requires stable, documented processes to be worth automating"
ait-012,AI Credit Scoring and Cash Flow Forecasting,Finance and Compliance,Model-based credit assessment and cash flow projection,Medium,Low,Medium,Lender-side or fintech platform,Faster credit decisions; better cash planning,Reserve Bank of India; fintech sector reporting,https://www.rbi.org.in/,2026-07-25,58,VST-NEEDS_REVIEW,Mostly lender-side today; account aggregator framework is enabling it
