opportunity_id,opportunity_name,opportunity_type,input_crop,finished_product,investment_band,capacity_indicative,skill_requirement,market_demand,value_add_potential,licenses_required,linked_scheme,data_source,source_url,collection_date,confidence_score,verification_status,notes
ap-001,Rice Mill,Primary Processing,Paddy,"Polished rice, bran, husk, broken rice",PENDING_VERIFICATION,PENDING_VERIFICATION,Semi-skilled,High,Medium,FSSAI licence; Udyam registration; State pollution consent (where applicable),PM Formalisation of Micro Food Processing Enterprises (PMFME),Ministry of Food Processing Industries (MoFPI),https://mofpi.gov.in/,2026-07-24,70,VST-NEEDS_REVIEW,Bran sold to oil extractors; husk used as boiler fuel
ap-002,Dal Mill,Primary Processing,"Pigeon Pea, Chickpea, Moong, Urad","Split dal, chuni, husk",PENDING_VERIFICATION,PENDING_VERIFICATION,Semi-skilled,High,High,FSSAI licence; Udyam registration; State pollution consent (where applicable),PM Formalisation of Micro Food Processing Enterprises (PMFME),Ministry of Food Processing Industries (MoFPI),https://mofpi.gov.in/,2026-07-24,70,VST-NEEDS_REVIEW,Milling recovery drives margin; chuni sold as cattle feed
ap-003,Cold-Pressed Oil Unit,Primary Processing,"Groundnut, Sesame, Mustard, Coconut","Cold-pressed edible oil, oil cake",PENDING_VERIFICATION,PENDING_VERIFICATION,Semi-skilled,Very High,High,FSSAI licence; Udyam registration; State pollution consent (where applicable),PM Formalisation of Micro Food Processing Enterprises (PMFME),Ministry of Food Processing Industries (MoFPI),https://mofpi.gov.in/,2026-07-24,69,VST-NEEDS_REVIEW,Premium health-oil positioning; oil cake is a second revenue line
ap-004,Millet Processing Unit,Primary Processing,"Pearl Millet, Sorghum, Finger Millet, Foxtail Millet","Dehulled millet, millet flour, rava, ready-mix",PENDING_VERIFICATION,PENDING_VERIFICATION,Semi-skilled,High,Very High,FSSAI licence; Udyam registration; State pollution consent (where applicable),PM Formalisation of Micro Food Processing Enterprises (PMFME),Ministry of Food Processing Industries (MoFPI),https://mofpi.gov.in/,2026-07-24,66,VST-NEEDS_REVIEW,Nutri-cereal demand growing; dehulling is the key unit operation
ap-005,Turmeric Powder Unit,Secondary Processing,Turmeric (dry fingers),"Turmeric powder, curcumin-grade material",PENDING_VERIFICATION,PENDING_VERIFICATION,Semi-skilled,Very High,Very High,FSSAI licence; Udyam registration; State pollution consent (where applicable),PM Formalisation of Micro Food Processing Enterprises (PMFME),ICAR-IISR; Spices Board of India,https://www.indianspices.com/,2026-07-24,70,VST-NEEDS_REVIEW,Curcumin content determines grade and realisation
ap-006,Chilli Powder Unit,Secondary Processing,Dry Chilli,"Chilli powder, flakes, oleoresin feedstock",PENDING_VERIFICATION,PENDING_VERIFICATION,Semi-skilled,Very High,Very High,FSSAI licence; Udyam registration; State pollution consent (where applicable),PM Formalisation of Micro Food Processing Enterprises (PMFME),ICAR-IISR; Spices Board of India,https://www.indianspices.com/,2026-07-24,70,VST-NEEDS_REVIEW,Colour value (ASTA) and pungency set price bands
ap-007,Fruit Pulp Unit,Secondary Processing,"Mango, Guava, Tomato","Aseptic fruit pulp, concentrate",PENDING_VERIFICATION,PENDING_VERIFICATION,Skilled,High,High,FSSAI licence; Udyam registration; State pollution consent (where applicable),MoFPI Unit Scheme; AIF,Ministry of Food Processing Industries (MoFPI),https://mofpi.gov.in/,2026-07-24,67,VST-NEEDS_REVIEW,Highly seasonal; aseptic packing enables year-round sales
ap-008,Pickle Unit,Secondary Processing,"Mango, Lemon, Chilli, Mixed Vegetables",Pickles in oil and brine,PENDING_VERIFICATION,PENDING_VERIFICATION,Semi-skilled,Medium,High,FSSAI licence; Udyam registration; State pollution consent (where applicable),PM Formalisation of Micro Food Processing Enterprises (PMFME),Ministry of Food Processing Industries (MoFPI),https://mofpi.gov.in/,2026-07-24,66,VST-NEEDS_REVIEW,Strong regional taste preferences; low entry barrier
ap-009,Jam and Fruit Preserve Unit,Secondary Processing,"Mango, Guava, Papaya, Mixed Fruit","Jam, jelly, marmalade, fruit bar",PENDING_VERIFICATION,PENDING_VERIFICATION,Semi-skilled,Medium,High,FSSAI licence; Udyam registration; State pollution consent (where applicable),PM Formalisation of Micro Food Processing Enterprises (PMFME),Ministry of Food Processing Industries (MoFPI),https://mofpi.gov.in/,2026-07-24,65,VST-NEEDS_REVIEW,Sugar and pectin standards are FSSAI-specified
ap-010,Jaggery Unit,Primary Processing,Sugarcane,"Jaggery blocks, powder jaggery, liquid jaggery",PENDING_VERIFICATION,PENDING_VERIFICATION,Semi-skilled,High,High,FSSAI licence; Udyam registration; State pollution consent (where applicable),PM Formalisation of Micro Food Processing Enterprises (PMFME),Ministry of Agriculture & Farmers Welfare,https://agricoop.gov.in/,2026-07-24,68,VST-NEEDS_REVIEW,Decentralised alternative to mill supply; chemical-free variants command premiums
ap-011,Cold Storage Facility,Infrastructure,"Potato, Onion, Fruits, Vegetables",Storage service (rental capacity),PENDING_VERIFICATION,PENDING_VERIFICATION,Skilled,Very High,Medium,Cold storage licence; State pollution consent,MIDH; Agriculture Infrastructure Fund (AIF),Ministry of Agriculture & Farmers Welfare,https://agricoop.gov.in/,2026-07-24,67,VST-NEEDS_REVIEW,"Revenue is rental per tonne-month, not product sale"
ap-012,Food Packaging Unit,Packaging,"Processed foods, grains, spices",Retail-ready printed and sealed packs,PENDING_VERIFICATION,PENDING_VERIFICATION,Semi-skilled,High,Medium,FSSAI (as applicable); Legal Metrology registration,PM Formalisation of Micro Food Processing Enterprises (PMFME),Ministry of Food Processing Industries (MoFPI),https://mofpi.gov.in/,2026-07-24,65,VST-NEEDS_REVIEW,Often operated as a shared/common facility for a cluster
ap-013,Animal Feed Unit,By-Product Processing,"Maize, Oil cake, Bran, Chuni",Compounded cattle and poultry feed,PENDING_VERIFICATION,PENDING_VERIFICATION,Semi-skilled,High,Medium,BIS feed standards; Udyam registration,National Livestock Mission,Department of Animal Husbandry & Dairying,https://dahd.nic.in/,2026-07-24,66,VST-NEEDS_REVIEW,"Consumes by-products from dal, rice and oil milling"
ap-014,Bio-Fertiliser Unit,Input Manufacturing,"Microbial cultures, carrier material","Rhizobium, Azotobacter, PSB, mycorrhiza formulations",PENDING_VERIFICATION,PENDING_VERIFICATION,Skilled,Medium,High,Fertiliser Control Order (FCO) registration,PKVY; National Mission on Natural Farming,Ministry of Agriculture & Farmers Welfare,https://agricoop.gov.in/,2026-07-24,63,VST-NEEDS_REVIEW,Requires lab-grade quality control and cold storage of cultures
ap-015,Vermicompost Unit,Input Manufacturing,"Farm waste, cattle dung","Vermicompost, vermiwash, earthworm stock",PENDING_VERIFICATION,PENDING_VERIFICATION,Unskilled to Semi-skilled,High,High,FCO registration (for packaged sale),PKVY; MGNREGA convergence,Ministry of Agriculture & Farmers Welfare,https://agricoop.gov.in/,2026-07-24,68,VST-NEEDS_REVIEW,Lowest-capital entry point in agri-input manufacturing
ap-016,Essential Oil Distillation Unit,Secondary Processing,"Lemongrass, Citronella, Mint, Tulsi, Eucalyptus","Steam-distilled essential oils, hydrosol",PENDING_VERIFICATION,PENDING_VERIFICATION,Skilled,High,Very High,Udyam registration; FSSAI (food-grade lines),National Medicinal Plants Board schemes; MoFPI Unit Scheme,National Medicinal Plants Board,https://nmpb.nic.in/,2026-07-24,62,VST-NEEDS_REVIEW,Oil recovery percentage is low; aggregation is essential to viability
ap-017,Honey Processing Unit,Secondary Processing,Raw honey,Filtered and moisture-corrected graded honey,PENDING_VERIFICATION,PENDING_VERIFICATION,Semi-skilled,High,High,FSSAI; Agmark grading (optional),National Beekeeping and Honey Mission (NBHM),National Bee Board,https://nbb.gov.in/,2026-07-24,66,VST-NEEDS_REVIEW,Moisture reduction and adulteration testing are the critical controls
