revenue_division_id,revenue_division_ref,revenue_division_name,district_name,dist_ref,state_code,divisional_headquarters,mandal_count,mandal_count_source_detail,lgd_code,latitude,longitude,data_source,source_url,collection_date,last_verified_date,confidence_score,verification_status,reviewer,version,license,attribution,created_by,created_at,updated_at,is_active
8fecf133-0591-491e-ae28-1f025091baa2,TG-ADB-RD-1,Adilabad,Adilabad,ADB,TG,Adilabad,PENDING_VERIFICATION,Not yet independently verified — table-level district mandal_count exists in the District dataset but is not sub-divided by revenue division,PENDING_VERIFICATION,PENDING_GEOCODING,PENDING_GEOCODING,"Wikipedia 'List of revenue divisions in Telangana', compiling: Telangana State Portal (State Profile), Chief Commissioner of Land Administration (ccla.telangana.gov.in), and individual District Revenue Department notifications",https://en.wikipedia.org/wiki/List_of_revenue_divisions_in_Telangana,2026-07-19,2026-07-19,82,VST-NEEDS_REVIEW,ValueWeave Data Factory (AI-assisted) — PENDING human Data Steward sign-off,1.0.0-draft,CC BY-SA 4.0 (Wikipedia compilation); underlying Government of Telangana source license not independently reconfirmed this pass,"Government of Telangana, Chief Commissioner of Land Administration; compiled via Wikipedia contributors",vw_data_factory,2026-07-19T06:44:32.573319Z,2026-07-19T06:44:32.573319Z,TRUE
db26d79d-23a4-472d-92f1-85aff6da14e0,TG-ADB-RD-2,Utnoor,Adilabad,ADB,TG,Utnoor,PENDING_VERIFICATION,Not yet independently verified — table-level district mandal_count exists in the District dataset but is not sub-divided by revenue division,PENDING_VERIFICATION,PENDING_GEOCODING,PENDING_GEOCODING,"Wikipedia 'List of revenue divisions in Telangana', compiling: Telangana State Portal (State Profile), Chief Commissioner of Land Administration (ccla.telangana.gov.in), and individual District Revenue Department notifications",https://en.wikipedia.org/wiki/List_of_revenue_divisions_in_Telangana,2026-07-19,2026-07-19,82,VST-NEEDS_REVIEW,ValueWeave Data Factory (AI-assisted) — PENDING human Data Steward sign-off,1.0.0-draft,CC BY-SA 4.0 (Wikipedia compilation); underlying Government of Telangana source license not independently reconfirmed this pass,"Government of Telangana, Chief Commissioner of Land Administration; compiled via Wikipedia contributors",vw_data_factory,2026-07-19T06:44:32.573319Z,2026-07-19T06:44:32.573319Z,TRUE
597029b9-5d36-4242-a664-553b8930a020,TG-BKG-RD-1,Kothagudem,Bhadradri Kothagudem,BKG,TG,Kothagudem,PENDING_VERIFICATION,Not yet independently verified — table-level district mandal_count exists in the District dataset but is not sub-divided by revenue division,PENDING_VERIFICATION,PENDING_GEOCODING,PENDING_GEOCODING,"Wikipedia 'List of revenue divisions in Telangana', compiling: Telangana State Portal (State Profile), Chief Commissioner of Land Administration (ccla.telangana.gov.in), and individual District Revenue Department notifications",https://en.wikipedia.org/wiki/List_of_revenue_divisions_in_Telangana,2026-07-19,2026-07-19,82,VST-NEEDS_REVIEW,ValueWeave Data Factory (AI-assisted) — PENDING human Data Steward sign-off,1.0.0-draft,CC BY-SA 4.0 (Wikipedia compilation); underlying Government of Telangana source license not independently reconfirmed this pass,"Government of Telangana, Chief Commissioner of Land Administration; compiled via Wikipedia contributors",vw_data_factory,2026-07-19T06:44:32.573319Z,2026-07-19T06:44:32.573319Z,TRUE
61c5196c-a49a-4e8a-be8b-1e3de35ac691,TG-BKG-RD-2,Bhadrachalam,Bhadradri Kothagudem,BKG,TG,Bhadrachalam,8,Directly verified via dedicated Wikipedia revenue-division page (this session),PENDING_VERIFICATION,PENDING_GEOCODING,PENDING_GEOCODING,"Wikipedia 'List of revenue divisions in Telangana', compiling: Telangana State Portal (State Profile), Chief Commissioner of Land Administration (ccla.telangana.gov.in), and individual District Revenue Department notifications",https://en.wikipedia.org/wiki/List_of_revenue_divisions_in_Telangana,2026-07-19,2026-07-19,90,VST-NEEDS_REVIEW,ValueWeave Data Factory (AI-assisted) — PENDING human Data Steward sign-off,1.0.0-draft,CC BY-SA 4.0 (Wikipedia compilation); underlying Government of Telangana source license not independently reconfirmed this pass,"Government of Telangana, Chief Commissioner of Land Administration; compiled via Wikipedia contributors",vw_data_factory,2026-07-19T06:44:32.573319Z,2026-07-19T06:44:32.573319Z,TRUE
97f25692-c5f9-41a0-b401-0bc36baa5463,TG-HNK-RD-1,Hanmakonda,Hanmakonda,HNK,TG,Hanmakonda,PENDING_VERIFICATION,Not yet independently verified — table-level district mandal_count exists in the District dataset but is not sub-divided by revenue division,PENDING_VERIFICATION,PENDING_GEOCODING,PENDING_GEOCODING,"Wikipedia 'List of revenue divisions in Telangana', compiling: Telangana State Portal (State Profile), Chief Commissioner of Land Administration (ccla.telangana.gov.in), and individual District Revenue Department notifications",https://en.wikipedia.org/wiki/List_of_revenue_divisions_in_Telangana,2026-07-19,2026-07-19,82,VST-NEEDS_REVIEW,ValueWeave Data Factory (AI-assisted) — PENDING human Data Steward sign-off,1.0.0-draft,CC BY-SA 4.0 (Wikipedia compilation); underlying Government of Telangana source license not independently reconfirmed this pass,"Government of Telangana, Chief Commissioner of Land Administration; compiled via Wikipedia contributors",vw_data_factory,2026-07-19T06:44:32.573319Z,2026-07-19T06:44:32.573319Z,TRUE
a4ee91e2-1977-43ce-8284-ee04f85b07e4,TG-HNK-RD-2,Parkal,Hanmakonda,HNK,TG,Parkal,PENDING_VERIFICATION,Not yet independently verified — table-level district mandal_count exists in the District dataset but is not sub-divided by revenue division,PENDING_VERIFICATION,PENDING_GEOCODING,PENDING_GEOCODING,"Wikipedia 'List of revenue divisions in Telangana', compiling: Telangana State Portal (State Profile), Chief Commissioner of Land Administration (ccla.telangana.gov.in), and individual District Revenue Department notifications",https://en.wikipedia.org/wiki/List_of_revenue_divisions_in_Telangana,2026-07-19,2026-07-19,82,VST-NEEDS_REVIEW,ValueWeave Data Factory (AI-assisted) — PENDING human Data Steward sign-off,1.0.0-draft,CC BY-SA 4.0 (Wikipedia compilation); underlying Government of Telangana source license not independently reconfirmed this pass,"Government of Telangana, Chief Commissioner of Land Administration; compiled via Wikipedia contributors",vw_data_factory,2026-07-19T06:44:32.573319Z,2026-07-19T06:44:32.573319Z,TRUE
ea5b4fd7-a4e6-4f40-9981-b5896264c6b3,TG-HYD-RD-1,Hyderabad,Hyderabad,HYD,TG,Hyderabad,PENDING_VERIFICATION,Not yet independently verified — table-level district mandal_count exists in the District dataset but is not sub-divided by revenue division,PENDING_VERIFICATION,PENDING_GEOCODING,PENDING_GEOCODING,"Wikipedia 'List of revenue divisions in Telangana', compiling: Telangana State Portal (State Profile), Chief Commissioner of Land Administration (ccla.telangana.gov.in), and individual District Revenue Department notifications",https://en.wikipedia.org/wiki/List_of_revenue_divisions_in_Telangana,2026-07-19,2026-07-19,82,VST-NEEDS_REVIEW,ValueWeave Data Factory (AI-assisted) — PENDING human Data Steward sign-off,1.0.0-draft,CC BY-SA 4.0 (Wikipedia compilation); underlying Government of Telangana source license not independently reconfirmed this pass,"Government of Telangana, Chief Commissioner of Land Administration; compiled via Wikipedia contributors",vw_data_factory,2026-07-19T06:44:32.573319Z,2026-07-19T06:44:32.573319Z,TRUE
ccd965a9-269f-4af9-87c6-9729ba445b07,TG-HYD-RD-2,Secunderabad,Hyderabad,HYD,TG,Secunderabad,PENDING_VERIFICATION,Not yet independently verified — table-level district mandal_count exists in the District dataset but is not sub-divided by revenue division,PENDING_VERIFICATION,PENDING_GEOCODING,PENDING_GEOCODING,"Wikipedia 'List of revenue divisions in Telangana', compiling: Telangana State Portal (State Profile), Chief Commissioner of Land Administration (ccla.telangana.gov.in), and individual District Revenue Department notifications",https://en.wikipedia.org/wiki/List_of_revenue_divisions_in_Telangana,2026-07-19,2026-07-19,82,VST-NEEDS_REVIEW,ValueWeave Data Factory (AI-assisted) — PENDING human Data Steward sign-off,1.0.0-draft,CC BY-SA 4.0 (Wikipedia compilation); underlying Government of Telangana source license not independently reconfirmed this pass,"Government of Telangana, Chief Commissioner of Land Administration; compiled via Wikipedia contributors",vw_data_factory,2026-07-19T06:44:32.573319Z,2026-07-19T06:44:32.573319Z,TRUE
4bf1a86d-df9c-4010-9aff-040326e69056,TG-JGT-RD-1,Jagtial,Jagtial,JGT,TG,Jagtial,PENDING_VERIFICATION,Not yet independently verified — table-level district mandal_count exists in the District dataset but is not sub-divided by revenue division,PENDING_VERIFICATION,PENDING_GEOCODING,PENDING_GEOCODING,"Wikipedia 'List of revenue divisions in Telangana', compiling: Telangana State Portal (State Profile), Chief Commissioner of Land Administration (ccla.telangana.gov.in), and individual District Revenue Department notifications",https://en.wikipedia.org/wiki/List_of_revenue_divisions_in_Telangana,2026-07-19,2026-07-19,82,VST-NEEDS_REVIEW,ValueWeave Data Factory (AI-assisted) — PENDING human Data Steward sign-off,1.0.0-draft,CC BY-SA 4.0 (Wikipedia compilation); underlying Government of Telangana source license not independently reconfirmed this pass,"Government of Telangana, Chief Commissioner of Land Administration; compiled via Wikipedia contributors",vw_data_factory,2026-07-19T06:44:32.573319Z,2026-07-19T06:44:32.573319Z,TRUE
7d00295a-e6a6-4bdb-afb2-2dfd46bea0b2,TG-JGT-RD-2,Korutla,Jagtial,JGT,TG,Korutla,PENDING_VERIFICATION,Not yet independently verified — table-level district mandal_count exists in the District dataset but is not sub-divided by revenue division,PENDING_VERIFICATION,PENDING_GEOCODING,PENDING_GEOCODING,"Wikipedia 'List of revenue divisions in Telangana', compiling: Telangana State Portal (State Profile), Chief Commissioner of Land Administration (ccla.telangana.gov.in), and individual District Revenue Department notifications",https://en.wikipedia.org/wiki/List_of_revenue_divisions_in_Telangana,2026-07-19,2026-07-19,82,VST-NEEDS_REVIEW,ValueWeave Data Factory (AI-assisted) — PENDING human Data Steward sign-off,1.0.0-draft,CC BY-SA 4.0 (Wikipedia compilation); underlying Government of Telangana source license not independently reconfirmed this pass,"Government of Telangana, Chief Commissioner of Land Administration; compiled via Wikipedia contributors",vw_data_factory,2026-07-19T06:44:32.573319Z,2026-07-19T06:44:32.573319Z,TRUE
45108d96-169c-41e2-84b1-b0557ddf957d,TG-JGT-RD-3,Metpally,Jagtial,JGT,TG,Metpally,PENDING_VERIFICATION,Not yet independently verified — table-level district mandal_count exists in the District dataset but is not sub-divided by revenue division,PENDING_VERIFICATION,PENDING_GEOCODING,PENDING_GEOCODING,"Wikipedia 'List of revenue divisions in Telangana', compiling: Telangana State Portal (State Profile), Chief Commissioner of Land Administration (ccla.telangana.gov.in), and individual District Revenue Department notifications",https://en.wikipedia.org/wiki/List_of_revenue_divisions_in_Telangana,2026-07-19,2026-07-19,82,VST-NEEDS_REVIEW,ValueWeave Data Factory (AI-assisted) — PENDING human Data Steward sign-off,1.0.0-draft,CC BY-SA 4.0 (Wikipedia compilation); underlying Government of Telangana source license not independently reconfirmed this pass,"Government of Telangana, Chief Commissioner of Land Administration; compiled via Wikipedia contributors",vw_data_factory,2026-07-19T06:44:32.573319Z,2026-07-19T06:44:32.573319Z,TRUE
253f5cd3-2000-4dda-921b-78e36fa6654b,TG-JNG-RD-1,Jangaon,Jangaon,JNG,TG,Jangaon,PENDING_VERIFICATION,Not yet independently verified — table-level district mandal_count exists in the District dataset but is not sub-divided by revenue division,PENDING_VERIFICATION,PENDING_GEOCODING,PENDING_GEOCODING,"Wikipedia 'List of revenue divisions in Telangana', compiling: Telangana State Portal (State Profile), Chief Commissioner of Land Administration (ccla.telangana.gov.in), and individual District Revenue Department notifications",https://en.wikipedia.org/wiki/List_of_revenue_divisions_in_Telangana,2026-07-19,2026-07-19,82,VST-NEEDS_REVIEW,ValueWeave Data Factory (AI-assisted) — PENDING human Data Steward sign-off,1.0.0-draft,CC BY-SA 4.0 (Wikipedia compilation); underlying Government of Telangana source license not independently reconfirmed this pass,"Government of Telangana, Chief Commissioner of Land Administration; compiled via Wikipedia contributors",vw_data_factory,2026-07-19T06:44:32.573319Z,2026-07-19T06:44:32.573319Z,TRUE
c223da39-fa85-4d19-8eb0-9017bc0327ee,TG-JNG-RD-2,Station Ghanpur,Jangaon,JNG,TG,Station Ghanpur,PENDING_VERIFICATION,Not yet independently verified — table-level district mandal_count exists in the District dataset but is not sub-divided by revenue division,PENDING_VERIFICATION,PENDING_GEOCODING,PENDING_GEOCODING,"Wikipedia 'List of revenue divisions in Telangana', compiling: Telangana State Portal (State Profile), Chief Commissioner of Land Administration (ccla.telangana.gov.in), and individual District Revenue Department notifications",https://en.wikipedia.org/wiki/List_of_revenue_divisions_in_Telangana,2026-07-19,2026-07-19,82,VST-NEEDS_REVIEW,ValueWeave Data Factory (AI-assisted) — PENDING human Data Steward sign-off,1.0.0-draft,CC BY-SA 4.0 (Wikipedia compilation); underlying Government of Telangana source license not independently reconfirmed this pass,"Government of Telangana, Chief Commissioner of Land Administration; compiled via Wikipedia contributors",vw_data_factory,2026-07-19T06:44:32.573319Z,2026-07-19T06:44:32.573319Z,TRUE
fb79e80e-0ff9-44a6-a631-ba019bf49dc7,TG-JSB-RD-1,Bhupalpalle,Jayashankar Bhupalpalle,JSB,TG,Bhupalpalle,PENDING_VERIFICATION,Not yet independently verified — table-level district mandal_count exists in the District dataset but is not sub-divided by revenue division,PENDING_VERIFICATION,PENDING_GEOCODING,PENDING_GEOCODING,"Wikipedia 'List of revenue divisions in Telangana', compiling: Telangana State Portal (State Profile), Chief Commissioner of Land Administration (ccla.telangana.gov.in), and individual District Revenue Department notifications",https://en.wikipedia.org/wiki/List_of_revenue_divisions_in_Telangana,2026-07-19,2026-07-19,82,VST-NEEDS_REVIEW,ValueWeave Data Factory (AI-assisted) — PENDING human Data Steward sign-off,1.0.0-draft,CC BY-SA 4.0 (Wikipedia compilation); underlying Government of Telangana source license not independently reconfirmed this pass,"Government of Telangana, Chief Commissioner of Land Administration; compiled via Wikipedia contributors",vw_data_factory,2026-07-19T06:44:32.573319Z,2026-07-19T06:44:32.573319Z,TRUE
93ce372b-b77c-4117-a886-03b32d5fe3cc,TG-JGD-RD-1,Gadwal,Jogulamba Gadwal,JGD,TG,Gadwal,PENDING_VERIFICATION,Not yet independently verified — table-level district mandal_count exists in the District dataset but is not sub-divided by revenue division,PENDING_VERIFICATION,PENDING_GEOCODING,PENDING_GEOCODING,"Wikipedia 'List of revenue divisions in Telangana', compiling: Telangana State Portal (State Profile), Chief Commissioner of Land Administration (ccla.telangana.gov.in), and individual District Revenue Department notifications",https://en.wikipedia.org/wiki/List_of_revenue_divisions_in_Telangana,2026-07-19,2026-07-19,82,VST-NEEDS_REVIEW,ValueWeave Data Factory (AI-assisted) — PENDING human Data Steward sign-off,1.0.0-draft,CC BY-SA 4.0 (Wikipedia compilation); underlying Government of Telangana source license not independently reconfirmed this pass,"Government of Telangana, Chief Commissioner of Land Administration; compiled via Wikipedia contributors",vw_data_factory,2026-07-19T06:44:32.573319Z,2026-07-19T06:44:32.573319Z,TRUE
b80edced-1e25-4b3e-8f13-fb10b58a6508,TG-KMR-RD-1,Kamareddy,Kamareddy,KMR,TG,Kamareddy,PENDING_VERIFICATION,Not yet independently verified — table-level district mandal_count exists in the District dataset but is not sub-divided by revenue division,PENDING_VERIFICATION,PENDING_GEOCODING,PENDING_GEOCODING,"Wikipedia 'List of revenue divisions in Telangana', compiling: Telangana State Portal (State Profile), Chief Commissioner of Land Administration (ccla.telangana.gov.in), and individual District Revenue Department notifications",https://en.wikipedia.org/wiki/List_of_revenue_divisions_in_Telangana,2026-07-19,2026-07-19,82,VST-NEEDS_REVIEW,ValueWeave Data Factory (AI-assisted) — PENDING human Data Steward sign-off,1.0.0-draft,CC BY-SA 4.0 (Wikipedia compilation); underlying Government of Telangana source license not independently reconfirmed this pass,"Government of Telangana, Chief Commissioner of Land Administration; compiled via Wikipedia contributors",vw_data_factory,2026-07-19T06:44:32.573319Z,2026-07-19T06:44:32.573319Z,TRUE
4dc1af51-ee05-4ccb-8593-cfb4a94c3c72,TG-KMR-RD-2,Banswada,Kamareddy,KMR,TG,Banswada,PENDING_VERIFICATION,Not yet independently verified — table-level district mandal_count exists in the District dataset but is not sub-divided by revenue division,PENDING_VERIFICATION,PENDING_GEOCODING,PENDING_GEOCODING,"Wikipedia 'List of revenue divisions in Telangana', compiling: Telangana State Portal (State Profile), Chief Commissioner of Land Administration (ccla.telangana.gov.in), and individual District Revenue Department notifications",https://en.wikipedia.org/wiki/List_of_revenue_divisions_in_Telangana,2026-07-19,2026-07-19,82,VST-NEEDS_REVIEW,ValueWeave Data Factory (AI-assisted) — PENDING human Data Steward sign-off,1.0.0-draft,CC BY-SA 4.0 (Wikipedia compilation); underlying Government of Telangana source license not independently reconfirmed this pass,"Government of Telangana, Chief Commissioner of Land Administration; compiled via Wikipedia contributors",vw_data_factory,2026-07-19T06:44:32.573319Z,2026-07-19T06:44:32.573319Z,TRUE
465d9f26-7869-4a0a-a630-1b82d4fc0a11,TG-KMR-RD-3,Yellareddy,Kamareddy,KMR,TG,Yellareddy,PENDING_VERIFICATION,Not yet independently verified — table-level district mandal_count exists in the District dataset but is not sub-divided by revenue division,PENDING_VERIFICATION,PENDING_GEOCODING,PENDING_GEOCODING,"Wikipedia 'List of revenue divisions in Telangana', compiling: Telangana State Portal (State Profile), Chief Commissioner of Land Administration (ccla.telangana.gov.in), and individual District Revenue Department notifications",https://en.wikipedia.org/wiki/List_of_revenue_divisions_in_Telangana,2026-07-19,2026-07-19,82,VST-NEEDS_REVIEW,ValueWeave Data Factory (AI-assisted) — PENDING human Data Steward sign-off,1.0.0-draft,CC BY-SA 4.0 (Wikipedia compilation); underlying Government of Telangana source license not independently reconfirmed this pass,"Government of Telangana, Chief Commissioner of Land Administration; compiled via Wikipedia contributors",vw_data_factory,2026-07-19T06:44:32.573319Z,2026-07-19T06:44:32.573319Z,TRUE
cad45a31-ed3e-4d9e-9753-b24f2aa52b3d,TG-KRM-RD-1,Karimnagar,Karimnagar,KRM,TG,Karimnagar,PENDING_VERIFICATION,Not yet independently verified — table-level district mandal_count exists in the District dataset but is not sub-divided by revenue division,PENDING_VERIFICATION,PENDING_GEOCODING,PENDING_GEOCODING,"Wikipedia 'List of revenue divisions in Telangana', compiling: Telangana State Portal (State Profile), Chief Commissioner of Land Administration (ccla.telangana.gov.in), and individual District Revenue Department notifications",https://en.wikipedia.org/wiki/List_of_revenue_divisions_in_Telangana,2026-07-19,2026-07-19,82,VST-NEEDS_REVIEW,ValueWeave Data Factory (AI-assisted) — PENDING human Data Steward sign-off,1.0.0-draft,CC BY-SA 4.0 (Wikipedia compilation); underlying Government of Telangana source license not independently reconfirmed this pass,"Government of Telangana, Chief Commissioner of Land Administration; compiled via Wikipedia contributors",vw_data_factory,2026-07-19T06:44:32.573319Z,2026-07-19T06:44:32.573319Z,TRUE
f847b036-df02-489e-93b4-e90c784487f9,TG-KRM-RD-2,Huzurabad,Karimnagar,KRM,TG,Huzurabad,PENDING_VERIFICATION,Not yet independently verified — table-level district mandal_count exists in the District dataset but is not sub-divided by revenue division,PENDING_VERIFICATION,PENDING_GEOCODING,PENDING_GEOCODING,"Wikipedia 'List of revenue divisions in Telangana', compiling: Telangana State Portal (State Profile), Chief Commissioner of Land Administration (ccla.telangana.gov.in), and individual District Revenue Department notifications",https://en.wikipedia.org/wiki/List_of_revenue_divisions_in_Telangana,2026-07-19,2026-07-19,82,VST-NEEDS_REVIEW,ValueWeave Data Factory (AI-assisted) — PENDING human Data Steward sign-off,1.0.0-draft,CC BY-SA 4.0 (Wikipedia compilation); underlying Government of Telangana source license not independently reconfirmed this pass,"Government of Telangana, Chief Commissioner of Land Administration; compiled via Wikipedia contributors",vw_data_factory,2026-07-19T06:44:32.573319Z,2026-07-19T06:44:32.573319Z,TRUE
629ed69e-94cd-499c-9b65-aef959a5dbd5,TG-KBA-RD-1,Asifabad,Komaram Bheem,KBA,TG,Asifabad,PENDING_VERIFICATION,Not yet independently verified — table-level district mandal_count exists in the District dataset but is not sub-divided by revenue division,PENDING_VERIFICATION,PENDING_GEOCODING,PENDING_GEOCODING,"Wikipedia 'List of revenue divisions in Telangana', compiling: Telangana State Portal (State Profile), Chief Commissioner of Land Administration (ccla.telangana.gov.in), and individual District Revenue Department notifications",https://en.wikipedia.org/wiki/List_of_revenue_divisions_in_Telangana,2026-07-19,2026-07-19,82,VST-NEEDS_REVIEW,ValueWeave Data Factory (AI-assisted) — PENDING human Data Steward sign-off,1.0.0-draft,CC BY-SA 4.0 (Wikipedia compilation); underlying Government of Telangana source license not independently reconfirmed this pass,"Government of Telangana, Chief Commissioner of Land Administration; compiled via Wikipedia contributors",vw_data_factory,2026-07-19T06:44:32.573319Z,2026-07-19T06:44:32.573319Z,TRUE
6ee8b73b-58fb-4b19-9923-c35875830d83,TG-KBA-RD-2,Kagaznagar,Komaram Bheem,KBA,TG,Kagaznagar,PENDING_VERIFICATION,Not yet independently verified — table-level district mandal_count exists in the District dataset but is not sub-divided by revenue division,PENDING_VERIFICATION,PENDING_GEOCODING,PENDING_GEOCODING,"Wikipedia 'List of revenue divisions in Telangana', compiling: Telangana State Portal (State Profile), Chief Commissioner of Land Administration (ccla.telangana.gov.in), and individual District Revenue Department notifications",https://en.wikipedia.org/wiki/List_of_revenue_divisions_in_Telangana,2026-07-19,2026-07-19,82,VST-NEEDS_REVIEW,ValueWeave Data Factory (AI-assisted) — PENDING human Data Steward sign-off,1.0.0-draft,CC BY-SA 4.0 (Wikipedia compilation); underlying Government of Telangana source license not independently reconfirmed this pass,"Government of Telangana, Chief Commissioner of Land Administration; compiled via Wikipedia contributors",vw_data_factory,2026-07-19T06:44:32.573319Z,2026-07-19T06:44:32.573319Z,TRUE
379cec3e-97a2-4a74-82c3-625f0d1c8237,TG-KHM-RD-1,Khammam,Khammam,KHM,TG,Khammam,14,Directly verified via dedicated Wikipedia revenue-division page (this session),PENDING_VERIFICATION,PENDING_GEOCODING,PENDING_GEOCODING,"Wikipedia 'List of revenue divisions in Telangana', compiling: Telangana State Portal (State Profile), Chief Commissioner of Land Administration (ccla.telangana.gov.in), and individual District Revenue Department notifications",https://en.wikipedia.org/wiki/List_of_revenue_divisions_in_Telangana,2026-07-19,2026-07-19,90,VST-NEEDS_REVIEW,ValueWeave Data Factory (AI-assisted) — PENDING human Data Steward sign-off,1.0.0-draft,CC BY-SA 4.0 (Wikipedia compilation); underlying Government of Telangana source license not independently reconfirmed this pass,"Government of Telangana, Chief Commissioner of Land Administration; compiled via Wikipedia contributors",vw_data_factory,2026-07-19T06:44:32.573319Z,2026-07-19T06:44:32.573319Z,TRUE
8b822ce0-0c57-4184-b03b-e70a1f64f133,TG-KHM-RD-2,Kallur,Khammam,KHM,TG,Kallur,PENDING_VERIFICATION,Not yet independently verified — table-level district mandal_count exists in the District dataset but is not sub-divided by revenue division,PENDING_VERIFICATION,PENDING_GEOCODING,PENDING_GEOCODING,"Wikipedia 'List of revenue divisions in Telangana', compiling: Telangana State Portal (State Profile), Chief Commissioner of Land Administration (ccla.telangana.gov.in), and individual District Revenue Department notifications",https://en.wikipedia.org/wiki/List_of_revenue_divisions_in_Telangana,2026-07-19,2026-07-19,82,VST-NEEDS_REVIEW,ValueWeave Data Factory (AI-assisted) — PENDING human Data Steward sign-off,1.0.0-draft,CC BY-SA 4.0 (Wikipedia compilation); underlying Government of Telangana source license not independently reconfirmed this pass,"Government of Telangana, Chief Commissioner of Land Administration; compiled via Wikipedia contributors",vw_data_factory,2026-07-19T06:44:32.573319Z,2026-07-19T06:44:32.573319Z,TRUE
73e98727-1ed5-4b9a-8c6a-ccd2c58932af,TG-MBN-RD-1,Mahabubnagar,Mahabubnagar,MBN,TG,Mahabubnagar,PENDING_VERIFICATION,Not yet independently verified — table-level district mandal_count exists in the District dataset but is not sub-divided by revenue division,PENDING_VERIFICATION,PENDING_GEOCODING,PENDING_GEOCODING,"Wikipedia 'List of revenue divisions in Telangana', compiling: Telangana State Portal (State Profile), Chief Commissioner of Land Administration (ccla.telangana.gov.in), and individual District Revenue Department notifications",https://en.wikipedia.org/wiki/List_of_revenue_divisions_in_Telangana,2026-07-19,2026-07-19,82,VST-NEEDS_REVIEW,ValueWeave Data Factory (AI-assisted) — PENDING human Data Steward sign-off,1.0.0-draft,CC BY-SA 4.0 (Wikipedia compilation); underlying Government of Telangana source license not independently reconfirmed this pass,"Government of Telangana, Chief Commissioner of Land Administration; compiled via Wikipedia contributors",vw_data_factory,2026-07-19T06:44:32.573319Z,2026-07-19T06:44:32.573319Z,TRUE
28a279c6-3f58-479c-b906-67fed38072a0,TG-MBD-RD-1,Mahabubabad,Mahabubabad,MBD,TG,Mahabubabad,PENDING_VERIFICATION,Not yet independently verified — table-level district mandal_count exists in the District dataset but is not sub-divided by revenue division,PENDING_VERIFICATION,PENDING_GEOCODING,PENDING_GEOCODING,"Wikipedia 'List of revenue divisions in Telangana', compiling: Telangana State Portal (State Profile), Chief Commissioner of Land Administration (ccla.telangana.gov.in), and individual District Revenue Department notifications",https://en.wikipedia.org/wiki/List_of_revenue_divisions_in_Telangana,2026-07-19,2026-07-19,82,VST-NEEDS_REVIEW,ValueWeave Data Factory (AI-assisted) — PENDING human Data Steward sign-off,1.0.0-draft,CC BY-SA 4.0 (Wikipedia compilation); underlying Government of Telangana source license not independently reconfirmed this pass,"Government of Telangana, Chief Commissioner of Land Administration; compiled via Wikipedia contributors",vw_data_factory,2026-07-19T06:44:32.573319Z,2026-07-19T06:44:32.573319Z,TRUE
6af65233-622d-4e7d-bfb2-763aeafb939e,TG-MBD-RD-2,Thorrur,Mahabubabad,MBD,TG,Thorrur,PENDING_VERIFICATION,Not yet independently verified — table-level district mandal_count exists in the District dataset but is not sub-divided by revenue division,PENDING_VERIFICATION,PENDING_GEOCODING,PENDING_GEOCODING,"Wikipedia 'List of revenue divisions in Telangana', compiling: Telangana State Portal (State Profile), Chief Commissioner of Land Administration (ccla.telangana.gov.in), and individual District Revenue Department notifications",https://en.wikipedia.org/wiki/List_of_revenue_divisions_in_Telangana,2026-07-19,2026-07-19,82,VST-NEEDS_REVIEW,ValueWeave Data Factory (AI-assisted) — PENDING human Data Steward sign-off,1.0.0-draft,CC BY-SA 4.0 (Wikipedia compilation); underlying Government of Telangana source license not independently reconfirmed this pass,"Government of Telangana, Chief Commissioner of Land Administration; compiled via Wikipedia contributors",vw_data_factory,2026-07-19T06:44:32.573319Z,2026-07-19T06:44:32.573319Z,TRUE
3d568af7-e114-4431-93ee-6e9b3b5cebf7,TG-MCG-RD-1,Keesara,Medchal,MCG,TG,Keesara,PENDING_VERIFICATION,Not yet independently verified — table-level district mandal_count exists in the District dataset but is not sub-divided by revenue division,PENDING_VERIFICATION,PENDING_GEOCODING,PENDING_GEOCODING,"Wikipedia 'List of revenue divisions in Telangana', compiling: Telangana State Portal (State Profile), Chief Commissioner of Land Administration (ccla.telangana.gov.in), and individual District Revenue Department notifications",https://en.wikipedia.org/wiki/List_of_revenue_divisions_in_Telangana,2026-07-19,2026-07-19,82,VST-NEEDS_REVIEW,ValueWeave Data Factory (AI-assisted) — PENDING human Data Steward sign-off,1.0.0-draft,CC BY-SA 4.0 (Wikipedia compilation); underlying Government of Telangana source license not independently reconfirmed this pass,"Government of Telangana, Chief Commissioner of Land Administration; compiled via Wikipedia contributors",vw_data_factory,2026-07-19T06:44:32.573319Z,2026-07-19T06:44:32.573319Z,TRUE
299e9739-2817-4770-a83a-53a7bbcb0bff,TG-MCG-RD-2,Malkajgiri,Medchal,MCG,TG,Malkajgiri,PENDING_VERIFICATION,Not yet independently verified — table-level district mandal_count exists in the District dataset but is not sub-divided by revenue division,PENDING_VERIFICATION,PENDING_GEOCODING,PENDING_GEOCODING,"Wikipedia 'List of revenue divisions in Telangana', compiling: Telangana State Portal (State Profile), Chief Commissioner of Land Administration (ccla.telangana.gov.in), and individual District Revenue Department notifications",https://en.wikipedia.org/wiki/List_of_revenue_divisions_in_Telangana,2026-07-19,2026-07-19,82,VST-NEEDS_REVIEW,ValueWeave Data Factory (AI-assisted) — PENDING human Data Steward sign-off,1.0.0-draft,CC BY-SA 4.0 (Wikipedia compilation); underlying Government of Telangana source license not independently reconfirmed this pass,"Government of Telangana, Chief Commissioner of Land Administration; compiled via Wikipedia contributors",vw_data_factory,2026-07-19T06:44:32.573319Z,2026-07-19T06:44:32.573319Z,TRUE
54b8d99d-c26e-41f0-94c2-8c0d0eced438,TG-MLG-RD-1,Mulugu,Mulugu,MLG,TG,Mulugu,PENDING_VERIFICATION,Not yet independently verified — table-level district mandal_count exists in the District dataset but is not sub-divided by revenue division,PENDING_VERIFICATION,PENDING_GEOCODING,PENDING_GEOCODING,"Wikipedia 'List of revenue divisions in Telangana', compiling: Telangana State Portal (State Profile), Chief Commissioner of Land Administration (ccla.telangana.gov.in), and individual District Revenue Department notifications",https://en.wikipedia.org/wiki/List_of_revenue_divisions_in_Telangana,2026-07-19,2026-07-19,82,VST-NEEDS_REVIEW,ValueWeave Data Factory (AI-assisted) — PENDING human Data Steward sign-off,1.0.0-draft,CC BY-SA 4.0 (Wikipedia compilation); underlying Government of Telangana source license not independently reconfirmed this pass,"Government of Telangana, Chief Commissioner of Land Administration; compiled via Wikipedia contributors",vw_data_factory,2026-07-19T06:44:32.573319Z,2026-07-19T06:44:32.573319Z,TRUE
b0fc9843-64f5-4dbb-bbe1-daa264aa96f7,TG-MDK-RD-1,Medak,Medak,MDK,TG,Medak,PENDING_VERIFICATION,Not yet independently verified — table-level district mandal_count exists in the District dataset but is not sub-divided by revenue division,PENDING_VERIFICATION,PENDING_GEOCODING,PENDING_GEOCODING,"Wikipedia 'List of revenue divisions in Telangana', compiling: Telangana State Portal (State Profile), Chief Commissioner of Land Administration (ccla.telangana.gov.in), and individual District Revenue Department notifications",https://en.wikipedia.org/wiki/List_of_revenue_divisions_in_Telangana,2026-07-19,2026-07-19,82,VST-NEEDS_REVIEW,ValueWeave Data Factory (AI-assisted) — PENDING human Data Steward sign-off,1.0.0-draft,CC BY-SA 4.0 (Wikipedia compilation); underlying Government of Telangana source license not independently reconfirmed this pass,"Government of Telangana, Chief Commissioner of Land Administration; compiled via Wikipedia contributors",vw_data_factory,2026-07-19T06:44:32.573319Z,2026-07-19T06:44:32.573319Z,TRUE
e1eb7328-4309-409d-92c7-813db7ff0f22,TG-MDK-RD-2,Narsapur,Medak,MDK,TG,Narsapur,PENDING_VERIFICATION,Not yet independently verified — table-level district mandal_count exists in the District dataset but is not sub-divided by revenue division,PENDING_VERIFICATION,PENDING_GEOCODING,PENDING_GEOCODING,"Wikipedia 'List of revenue divisions in Telangana', compiling: Telangana State Portal (State Profile), Chief Commissioner of Land Administration (ccla.telangana.gov.in), and individual District Revenue Department notifications",https://en.wikipedia.org/wiki/List_of_revenue_divisions_in_Telangana,2026-07-19,2026-07-19,82,VST-NEEDS_REVIEW,ValueWeave Data Factory (AI-assisted) — PENDING human Data Steward sign-off,1.0.0-draft,CC BY-SA 4.0 (Wikipedia compilation); underlying Government of Telangana source license not independently reconfirmed this pass,"Government of Telangana, Chief Commissioner of Land Administration; compiled via Wikipedia contributors",vw_data_factory,2026-07-19T06:44:32.573319Z,2026-07-19T06:44:32.573319Z,TRUE
a531eac6-af92-4dcb-8cd3-87df4a493323,TG-MDK-RD-3,Toopran,Medak,MDK,TG,Toopran,PENDING_VERIFICATION,Not yet independently verified — table-level district mandal_count exists in the District dataset but is not sub-divided by revenue division,PENDING_VERIFICATION,PENDING_GEOCODING,PENDING_GEOCODING,"Wikipedia 'List of revenue divisions in Telangana', compiling: Telangana State Portal (State Profile), Chief Commissioner of Land Administration (ccla.telangana.gov.in), and individual District Revenue Department notifications",https://en.wikipedia.org/wiki/List_of_revenue_divisions_in_Telangana,2026-07-19,2026-07-19,82,VST-NEEDS_REVIEW,ValueWeave Data Factory (AI-assisted) — PENDING human Data Steward sign-off,1.0.0-draft,CC BY-SA 4.0 (Wikipedia compilation); underlying Government of Telangana source license not independently reconfirmed this pass,"Government of Telangana, Chief Commissioner of Land Administration; compiled via Wikipedia contributors",vw_data_factory,2026-07-19T06:44:32.573319Z,2026-07-19T06:44:32.573319Z,TRUE
09ac3cd2-e512-4350-b3b9-aee4e0a8d2ac,TG-MCL-RD-1,Mancherial,Mancherial,MCL,TG,Mancherial,PENDING_VERIFICATION,Not yet independently verified — table-level district mandal_count exists in the District dataset but is not sub-divided by revenue division,PENDING_VERIFICATION,PENDING_GEOCODING,PENDING_GEOCODING,"Wikipedia 'List of revenue divisions in Telangana', compiling: Telangana State Portal (State Profile), Chief Commissioner of Land Administration (ccla.telangana.gov.in), and individual District Revenue Department notifications",https://en.wikipedia.org/wiki/List_of_revenue_divisions_in_Telangana,2026-07-19,2026-07-19,82,VST-NEEDS_REVIEW,ValueWeave Data Factory (AI-assisted) — PENDING human Data Steward sign-off,1.0.0-draft,CC BY-SA 4.0 (Wikipedia compilation); underlying Government of Telangana source license not independently reconfirmed this pass,"Government of Telangana, Chief Commissioner of Land Administration; compiled via Wikipedia contributors",vw_data_factory,2026-07-19T06:44:32.573319Z,2026-07-19T06:44:32.573319Z,TRUE
599e5857-9860-4374-a239-b4524a1e17ec,TG-MCL-RD-2,Bellampally,Mancherial,MCL,TG,Bellampally,PENDING_VERIFICATION,Not yet independently verified — table-level district mandal_count exists in the District dataset but is not sub-divided by revenue division,PENDING_VERIFICATION,PENDING_GEOCODING,PENDING_GEOCODING,"Wikipedia 'List of revenue divisions in Telangana', compiling: Telangana State Portal (State Profile), Chief Commissioner of Land Administration (ccla.telangana.gov.in), and individual District Revenue Department notifications",https://en.wikipedia.org/wiki/List_of_revenue_divisions_in_Telangana,2026-07-19,2026-07-19,82,VST-NEEDS_REVIEW,ValueWeave Data Factory (AI-assisted) — PENDING human Data Steward sign-off,1.0.0-draft,CC BY-SA 4.0 (Wikipedia compilation); underlying Government of Telangana source license not independently reconfirmed this pass,"Government of Telangana, Chief Commissioner of Land Administration; compiled via Wikipedia contributors",vw_data_factory,2026-07-19T06:44:32.573319Z,2026-07-19T06:44:32.573319Z,TRUE
2ba1ae79-713c-4ff0-8331-47bae518301e,TG-NRP-RD-1,Narayanpet,Narayanapet,NRP,TG,Narayanpet,PENDING_VERIFICATION,Not yet independently verified — table-level district mandal_count exists in the District dataset but is not sub-divided by revenue division,PENDING_VERIFICATION,PENDING_GEOCODING,PENDING_GEOCODING,"Wikipedia 'List of revenue divisions in Telangana', compiling: Telangana State Portal (State Profile), Chief Commissioner of Land Administration (ccla.telangana.gov.in), and individual District Revenue Department notifications",https://en.wikipedia.org/wiki/List_of_revenue_divisions_in_Telangana,2026-07-19,2026-07-19,82,VST-NEEDS_REVIEW,ValueWeave Data Factory (AI-assisted) — PENDING human Data Steward sign-off,1.0.0-draft,CC BY-SA 4.0 (Wikipedia compilation); underlying Government of Telangana source license not independently reconfirmed this pass,"Government of Telangana, Chief Commissioner of Land Administration; compiled via Wikipedia contributors",vw_data_factory,2026-07-19T06:44:32.573319Z,2026-07-19T06:44:32.573319Z,TRUE
b5e8b69a-dbde-4135-b0ef-7ba60a351ecc,TG-NLG-RD-1,Nalgonda,Nalgonda,NLG,TG,Nalgonda,9,Directly verified via dedicated Wikipedia revenue-division page (this session),PENDING_VERIFICATION,PENDING_GEOCODING,PENDING_GEOCODING,"Wikipedia 'List of revenue divisions in Telangana', compiling: Telangana State Portal (State Profile), Chief Commissioner of Land Administration (ccla.telangana.gov.in), and individual District Revenue Department notifications",https://en.wikipedia.org/wiki/List_of_revenue_divisions_in_Telangana,2026-07-19,2026-07-19,90,VST-NEEDS_REVIEW,ValueWeave Data Factory (AI-assisted) — PENDING human Data Steward sign-off,1.0.0-draft,CC BY-SA 4.0 (Wikipedia compilation); underlying Government of Telangana source license not independently reconfirmed this pass,"Government of Telangana, Chief Commissioner of Land Administration; compiled via Wikipedia contributors",vw_data_factory,2026-07-19T06:44:32.573319Z,2026-07-19T06:44:32.573319Z,TRUE
fbbc278f-3f2b-4e80-b484-6dbaa97aa7df,TG-NLG-RD-2,Miryalaguda,Nalgonda,NLG,TG,Miryalaguda,PENDING_VERIFICATION,Not yet independently verified — table-level district mandal_count exists in the District dataset but is not sub-divided by revenue division,PENDING_VERIFICATION,PENDING_GEOCODING,PENDING_GEOCODING,"Wikipedia 'List of revenue divisions in Telangana', compiling: Telangana State Portal (State Profile), Chief Commissioner of Land Administration (ccla.telangana.gov.in), and individual District Revenue Department notifications",https://en.wikipedia.org/wiki/List_of_revenue_divisions_in_Telangana,2026-07-19,2026-07-19,82,VST-NEEDS_REVIEW,ValueWeave Data Factory (AI-assisted) — PENDING human Data Steward sign-off,1.0.0-draft,CC BY-SA 4.0 (Wikipedia compilation); underlying Government of Telangana source license not independently reconfirmed this pass,"Government of Telangana, Chief Commissioner of Land Administration; compiled via Wikipedia contributors",vw_data_factory,2026-07-19T06:44:32.573319Z,2026-07-19T06:44:32.573319Z,TRUE
7a864c0e-256d-4c0a-8de8-18c58590006a,TG-NLG-RD-3,Devarakonda,Nalgonda,NLG,TG,Devarakonda,PENDING_VERIFICATION,Not yet independently verified — table-level district mandal_count exists in the District dataset but is not sub-divided by revenue division,PENDING_VERIFICATION,PENDING_GEOCODING,PENDING_GEOCODING,"Wikipedia 'List of revenue divisions in Telangana', compiling: Telangana State Portal (State Profile), Chief Commissioner of Land Administration (ccla.telangana.gov.in), and individual District Revenue Department notifications",https://en.wikipedia.org/wiki/List_of_revenue_divisions_in_Telangana,2026-07-19,2026-07-19,82,VST-NEEDS_REVIEW,ValueWeave Data Factory (AI-assisted) — PENDING human Data Steward sign-off,1.0.0-draft,CC BY-SA 4.0 (Wikipedia compilation); underlying Government of Telangana source license not independently reconfirmed this pass,"Government of Telangana, Chief Commissioner of Land Administration; compiled via Wikipedia contributors",vw_data_factory,2026-07-19T06:44:32.573319Z,2026-07-19T06:44:32.573319Z,TRUE
9974efbe-a96a-47c9-b271-901c42b3a569,TG-NLG-RD-4,Chandur,Nalgonda,NLG,TG,Chandur,PENDING_VERIFICATION,Not yet independently verified — table-level district mandal_count exists in the District dataset but is not sub-divided by revenue division,PENDING_VERIFICATION,PENDING_GEOCODING,PENDING_GEOCODING,"Wikipedia 'List of revenue divisions in Telangana', compiling: Telangana State Portal (State Profile), Chief Commissioner of Land Administration (ccla.telangana.gov.in), and individual District Revenue Department notifications",https://en.wikipedia.org/wiki/List_of_revenue_divisions_in_Telangana,2026-07-19,2026-07-19,82,VST-NEEDS_REVIEW,ValueWeave Data Factory (AI-assisted) — PENDING human Data Steward sign-off,1.0.0-draft,CC BY-SA 4.0 (Wikipedia compilation); underlying Government of Telangana source license not independently reconfirmed this pass,"Government of Telangana, Chief Commissioner of Land Administration; compiled via Wikipedia contributors",vw_data_factory,2026-07-19T06:44:32.573319Z,2026-07-19T06:44:32.573319Z,TRUE
195ba02b-374c-4381-b2e3-61685b53fa24,TG-NGK-RD-1,Nagarkurnool,Nagarkurnool,NGK,TG,Nagarkurnool,PENDING_VERIFICATION,Not yet independently verified — table-level district mandal_count exists in the District dataset but is not sub-divided by revenue division,PENDING_VERIFICATION,PENDING_GEOCODING,PENDING_GEOCODING,"Wikipedia 'List of revenue divisions in Telangana', compiling: Telangana State Portal (State Profile), Chief Commissioner of Land Administration (ccla.telangana.gov.in), and individual District Revenue Department notifications",https://en.wikipedia.org/wiki/List_of_revenue_divisions_in_Telangana,2026-07-19,2026-07-19,82,VST-NEEDS_REVIEW,ValueWeave Data Factory (AI-assisted) — PENDING human Data Steward sign-off,1.0.0-draft,CC BY-SA 4.0 (Wikipedia compilation); underlying Government of Telangana source license not independently reconfirmed this pass,"Government of Telangana, Chief Commissioner of Land Administration; compiled via Wikipedia contributors",vw_data_factory,2026-07-19T06:44:32.573319Z,2026-07-19T06:44:32.573319Z,TRUE
4591fc89-b994-4ee6-88c6-72a52e10ebf1,TG-NGK-RD-2,Achampet,Nagarkurnool,NGK,TG,Achampet,PENDING_VERIFICATION,Not yet independently verified — table-level district mandal_count exists in the District dataset but is not sub-divided by revenue division,PENDING_VERIFICATION,PENDING_GEOCODING,PENDING_GEOCODING,"Wikipedia 'List of revenue divisions in Telangana', compiling: Telangana State Portal (State Profile), Chief Commissioner of Land Administration (ccla.telangana.gov.in), and individual District Revenue Department notifications",https://en.wikipedia.org/wiki/List_of_revenue_divisions_in_Telangana,2026-07-19,2026-07-19,82,VST-NEEDS_REVIEW,ValueWeave Data Factory (AI-assisted) — PENDING human Data Steward sign-off,1.0.0-draft,CC BY-SA 4.0 (Wikipedia compilation); underlying Government of Telangana source license not independently reconfirmed this pass,"Government of Telangana, Chief Commissioner of Land Administration; compiled via Wikipedia contributors",vw_data_factory,2026-07-19T06:44:32.573319Z,2026-07-19T06:44:32.573319Z,TRUE
6f9c745d-7cc8-48cb-bbfc-bdcc86fbc8eb,TG-NGK-RD-3,Kalwakurthy,Nagarkurnool,NGK,TG,Kalwakurthy,PENDING_VERIFICATION,Not yet independently verified — table-level district mandal_count exists in the District dataset but is not sub-divided by revenue division,PENDING_VERIFICATION,PENDING_GEOCODING,PENDING_GEOCODING,"Wikipedia 'List of revenue divisions in Telangana', compiling: Telangana State Portal (State Profile), Chief Commissioner of Land Administration (ccla.telangana.gov.in), and individual District Revenue Department notifications",https://en.wikipedia.org/wiki/List_of_revenue_divisions_in_Telangana,2026-07-19,2026-07-19,82,VST-NEEDS_REVIEW,ValueWeave Data Factory (AI-assisted) — PENDING human Data Steward sign-off,1.0.0-draft,CC BY-SA 4.0 (Wikipedia compilation); underlying Government of Telangana source license not independently reconfirmed this pass,"Government of Telangana, Chief Commissioner of Land Administration; compiled via Wikipedia contributors",vw_data_factory,2026-07-19T06:44:32.573319Z,2026-07-19T06:44:32.573319Z,TRUE
1e46d783-fa7f-434e-b479-010297e3ea35,TG-NGK-RD-4,Kollapur,Nagarkurnool,NGK,TG,Kollapur,PENDING_VERIFICATION,Not yet independently verified — table-level district mandal_count exists in the District dataset but is not sub-divided by revenue division,PENDING_VERIFICATION,PENDING_GEOCODING,PENDING_GEOCODING,"Wikipedia 'List of revenue divisions in Telangana', compiling: Telangana State Portal (State Profile), Chief Commissioner of Land Administration (ccla.telangana.gov.in), and individual District Revenue Department notifications",https://en.wikipedia.org/wiki/List_of_revenue_divisions_in_Telangana,2026-07-19,2026-07-19,82,VST-NEEDS_REVIEW,ValueWeave Data Factory (AI-assisted) — PENDING human Data Steward sign-off,1.0.0-draft,CC BY-SA 4.0 (Wikipedia compilation); underlying Government of Telangana source license not independently reconfirmed this pass,"Government of Telangana, Chief Commissioner of Land Administration; compiled via Wikipedia contributors",vw_data_factory,2026-07-19T06:44:32.573319Z,2026-07-19T06:44:32.573319Z,TRUE
06e862ad-11c2-4156-a21c-0e201936eb45,TG-NZB-RD-1,Bodhan,Nizamabad,NZB,TG,Bodhan,PENDING_VERIFICATION,Not yet independently verified — table-level district mandal_count exists in the District dataset but is not sub-divided by revenue division,PENDING_VERIFICATION,PENDING_GEOCODING,PENDING_GEOCODING,"Wikipedia 'List of revenue divisions in Telangana', compiling: Telangana State Portal (State Profile), Chief Commissioner of Land Administration (ccla.telangana.gov.in), and individual District Revenue Department notifications",https://en.wikipedia.org/wiki/List_of_revenue_divisions_in_Telangana,2026-07-19,2026-07-19,82,VST-NEEDS_REVIEW,ValueWeave Data Factory (AI-assisted) — PENDING human Data Steward sign-off,1.0.0-draft,CC BY-SA 4.0 (Wikipedia compilation); underlying Government of Telangana source license not independently reconfirmed this pass,"Government of Telangana, Chief Commissioner of Land Administration; compiled via Wikipedia contributors",vw_data_factory,2026-07-19T06:44:32.573319Z,2026-07-19T06:44:32.573319Z,TRUE
c076e5b8-d040-4737-a5f8-d68da162b0d6,TG-NZB-RD-2,Nizamabad,Nizamabad,NZB,TG,Nizamabad,PENDING_VERIFICATION,Not yet independently verified — table-level district mandal_count exists in the District dataset but is not sub-divided by revenue division,PENDING_VERIFICATION,PENDING_GEOCODING,PENDING_GEOCODING,"Wikipedia 'List of revenue divisions in Telangana', compiling: Telangana State Portal (State Profile), Chief Commissioner of Land Administration (ccla.telangana.gov.in), and individual District Revenue Department notifications",https://en.wikipedia.org/wiki/List_of_revenue_divisions_in_Telangana,2026-07-19,2026-07-19,82,VST-NEEDS_REVIEW,ValueWeave Data Factory (AI-assisted) — PENDING human Data Steward sign-off,1.0.0-draft,CC BY-SA 4.0 (Wikipedia compilation); underlying Government of Telangana source license not independently reconfirmed this pass,"Government of Telangana, Chief Commissioner of Land Administration; compiled via Wikipedia contributors",vw_data_factory,2026-07-19T06:44:32.573319Z,2026-07-19T06:44:32.573319Z,TRUE
20817e10-b66d-48a0-b47a-cbb87720cc04,TG-NZB-RD-3,Armoor,Nizamabad,NZB,TG,Armoor,PENDING_VERIFICATION,Not yet independently verified — table-level district mandal_count exists in the District dataset but is not sub-divided by revenue division,PENDING_VERIFICATION,PENDING_GEOCODING,PENDING_GEOCODING,"Wikipedia 'List of revenue divisions in Telangana', compiling: Telangana State Portal (State Profile), Chief Commissioner of Land Administration (ccla.telangana.gov.in), and individual District Revenue Department notifications",https://en.wikipedia.org/wiki/List_of_revenue_divisions_in_Telangana,2026-07-19,2026-07-19,82,VST-NEEDS_REVIEW,ValueWeave Data Factory (AI-assisted) — PENDING human Data Steward sign-off,1.0.0-draft,CC BY-SA 4.0 (Wikipedia compilation); underlying Government of Telangana source license not independently reconfirmed this pass,"Government of Telangana, Chief Commissioner of Land Administration; compiled via Wikipedia contributors",vw_data_factory,2026-07-19T06:44:32.573319Z,2026-07-19T06:44:32.573319Z,TRUE
617fe1de-c101-4878-bd56-a4c1957470cf,TG-NRM-RD-1,Nirmal,Nirmal,NRM,TG,Nirmal,PENDING_VERIFICATION,Not yet independently verified — table-level district mandal_count exists in the District dataset but is not sub-divided by revenue division,PENDING_VERIFICATION,PENDING_GEOCODING,PENDING_GEOCODING,"Wikipedia 'List of revenue divisions in Telangana', compiling: Telangana State Portal (State Profile), Chief Commissioner of Land Administration (ccla.telangana.gov.in), and individual District Revenue Department notifications",https://en.wikipedia.org/wiki/List_of_revenue_divisions_in_Telangana,2026-07-19,2026-07-19,82,VST-NEEDS_REVIEW,ValueWeave Data Factory (AI-assisted) — PENDING human Data Steward sign-off,1.0.0-draft,CC BY-SA 4.0 (Wikipedia compilation); underlying Government of Telangana source license not independently reconfirmed this pass,"Government of Telangana, Chief Commissioner of Land Administration; compiled via Wikipedia contributors",vw_data_factory,2026-07-19T06:44:32.573319Z,2026-07-19T06:44:32.573319Z,TRUE
fbf00183-b904-49b2-b69a-d8bdb686ba2a,TG-NRM-RD-2,Bhainsa,Nirmal,NRM,TG,Bhainsa,PENDING_VERIFICATION,Not yet independently verified — table-level district mandal_count exists in the District dataset but is not sub-divided by revenue division,PENDING_VERIFICATION,PENDING_GEOCODING,PENDING_GEOCODING,"Wikipedia 'List of revenue divisions in Telangana', compiling: Telangana State Portal (State Profile), Chief Commissioner of Land Administration (ccla.telangana.gov.in), and individual District Revenue Department notifications",https://en.wikipedia.org/wiki/List_of_revenue_divisions_in_Telangana,2026-07-19,2026-07-19,82,VST-NEEDS_REVIEW,ValueWeave Data Factory (AI-assisted) — PENDING human Data Steward sign-off,1.0.0-draft,CC BY-SA 4.0 (Wikipedia compilation); underlying Government of Telangana source license not independently reconfirmed this pass,"Government of Telangana, Chief Commissioner of Land Administration; compiled via Wikipedia contributors",vw_data_factory,2026-07-19T06:44:32.573319Z,2026-07-19T06:44:32.573319Z,TRUE
8592ac61-8eb0-4812-90df-4b395891436c,TG-PDP-RD-1,Peddapally,Peddapalli,PDP,TG,Peddapally,PENDING_VERIFICATION,Not yet independently verified — table-level district mandal_count exists in the District dataset but is not sub-divided by revenue division,PENDING_VERIFICATION,PENDING_GEOCODING,PENDING_GEOCODING,"Wikipedia 'List of revenue divisions in Telangana', compiling: Telangana State Portal (State Profile), Chief Commissioner of Land Administration (ccla.telangana.gov.in), and individual District Revenue Department notifications",https://en.wikipedia.org/wiki/List_of_revenue_divisions_in_Telangana,2026-07-19,2026-07-19,82,VST-NEEDS_REVIEW,ValueWeave Data Factory (AI-assisted) — PENDING human Data Steward sign-off,1.0.0-draft,CC BY-SA 4.0 (Wikipedia compilation); underlying Government of Telangana source license not independently reconfirmed this pass,"Government of Telangana, Chief Commissioner of Land Administration; compiled via Wikipedia contributors",vw_data_factory,2026-07-19T06:44:32.573319Z,2026-07-19T06:44:32.573319Z,TRUE
0d8dd27e-3189-43a1-9ffb-431c8c8505dc,TG-PDP-RD-2,Manthani,Peddapalli,PDP,TG,Manthani,PENDING_VERIFICATION,Not yet independently verified — table-level district mandal_count exists in the District dataset but is not sub-divided by revenue division,PENDING_VERIFICATION,PENDING_GEOCODING,PENDING_GEOCODING,"Wikipedia 'List of revenue divisions in Telangana', compiling: Telangana State Portal (State Profile), Chief Commissioner of Land Administration (ccla.telangana.gov.in), and individual District Revenue Department notifications",https://en.wikipedia.org/wiki/List_of_revenue_divisions_in_Telangana,2026-07-19,2026-07-19,82,VST-NEEDS_REVIEW,ValueWeave Data Factory (AI-assisted) — PENDING human Data Steward sign-off,1.0.0-draft,CC BY-SA 4.0 (Wikipedia compilation); underlying Government of Telangana source license not independently reconfirmed this pass,"Government of Telangana, Chief Commissioner of Land Administration; compiled via Wikipedia contributors",vw_data_factory,2026-07-19T06:44:32.573319Z,2026-07-19T06:44:32.573319Z,TRUE
7e33b8dd-973f-4064-8869-af626a8e6582,TG-RSL-RD-1,Sircilla,Rajanna Sircilla,RSL,TG,Sircilla,PENDING_VERIFICATION,Not yet independently verified — table-level district mandal_count exists in the District dataset but is not sub-divided by revenue division,PENDING_VERIFICATION,PENDING_GEOCODING,PENDING_GEOCODING,"Wikipedia 'List of revenue divisions in Telangana', compiling: Telangana State Portal (State Profile), Chief Commissioner of Land Administration (ccla.telangana.gov.in), and individual District Revenue Department notifications",https://en.wikipedia.org/wiki/List_of_revenue_divisions_in_Telangana,2026-07-19,2026-07-19,82,VST-NEEDS_REVIEW,ValueWeave Data Factory (AI-assisted) — PENDING human Data Steward sign-off,1.0.0-draft,CC BY-SA 4.0 (Wikipedia compilation); underlying Government of Telangana source license not independently reconfirmed this pass,"Government of Telangana, Chief Commissioner of Land Administration; compiled via Wikipedia contributors",vw_data_factory,2026-07-19T06:44:32.573319Z,2026-07-19T06:44:32.573319Z,TRUE
254c38e5-fa9e-4056-920c-b5763c9e2dd0,TG-RSL-RD-2,Vemulawada,Rajanna Sircilla,RSL,TG,Vemulawada,PENDING_VERIFICATION,Not yet independently verified — table-level district mandal_count exists in the District dataset but is not sub-divided by revenue division,PENDING_VERIFICATION,PENDING_GEOCODING,PENDING_GEOCODING,"Wikipedia 'List of revenue divisions in Telangana', compiling: Telangana State Portal (State Profile), Chief Commissioner of Land Administration (ccla.telangana.gov.in), and individual District Revenue Department notifications",https://en.wikipedia.org/wiki/List_of_revenue_divisions_in_Telangana,2026-07-19,2026-07-19,82,VST-NEEDS_REVIEW,ValueWeave Data Factory (AI-assisted) — PENDING human Data Steward sign-off,1.0.0-draft,CC BY-SA 4.0 (Wikipedia compilation); underlying Government of Telangana source license not independently reconfirmed this pass,"Government of Telangana, Chief Commissioner of Land Administration; compiled via Wikipedia contributors",vw_data_factory,2026-07-19T06:44:32.573319Z,2026-07-19T06:44:32.573319Z,TRUE
dd679b7c-7d44-443b-8827-a6dd573ec0bb,TG-RRD-RD-1,Chevella,Ranga Reddy,RRD,TG,Chevella,PENDING_VERIFICATION,Not yet independently verified — table-level district mandal_count exists in the District dataset but is not sub-divided by revenue division,PENDING_VERIFICATION,PENDING_GEOCODING,PENDING_GEOCODING,"Wikipedia 'List of revenue divisions in Telangana', compiling: Telangana State Portal (State Profile), Chief Commissioner of Land Administration (ccla.telangana.gov.in), and individual District Revenue Department notifications",https://en.wikipedia.org/wiki/List_of_revenue_divisions_in_Telangana,2026-07-19,2026-07-19,82,VST-NEEDS_REVIEW,ValueWeave Data Factory (AI-assisted) — PENDING human Data Steward sign-off,1.0.0-draft,CC BY-SA 4.0 (Wikipedia compilation); underlying Government of Telangana source license not independently reconfirmed this pass,"Government of Telangana, Chief Commissioner of Land Administration; compiled via Wikipedia contributors",vw_data_factory,2026-07-19T06:44:32.573319Z,2026-07-19T06:44:32.573319Z,TRUE
49fcabc2-2d50-4408-be94-2917f8c9b3e4,TG-RRD-RD-2,Ibrahimpatnam,Ranga Reddy,RRD,TG,Ibrahimpatnam,PENDING_VERIFICATION,Not yet independently verified — table-level district mandal_count exists in the District dataset but is not sub-divided by revenue division,PENDING_VERIFICATION,PENDING_GEOCODING,PENDING_GEOCODING,"Wikipedia 'List of revenue divisions in Telangana', compiling: Telangana State Portal (State Profile), Chief Commissioner of Land Administration (ccla.telangana.gov.in), and individual District Revenue Department notifications",https://en.wikipedia.org/wiki/List_of_revenue_divisions_in_Telangana,2026-07-19,2026-07-19,82,VST-NEEDS_REVIEW,ValueWeave Data Factory (AI-assisted) — PENDING human Data Steward sign-off,1.0.0-draft,CC BY-SA 4.0 (Wikipedia compilation); underlying Government of Telangana source license not independently reconfirmed this pass,"Government of Telangana, Chief Commissioner of Land Administration; compiled via Wikipedia contributors",vw_data_factory,2026-07-19T06:44:32.573319Z,2026-07-19T06:44:32.573319Z,TRUE
9734a8ec-334e-47ce-93c1-146825140f09,TG-RRD-RD-3,Rajendranagar,Ranga Reddy,RRD,TG,Rajendranagar,PENDING_VERIFICATION,Not yet independently verified — table-level district mandal_count exists in the District dataset but is not sub-divided by revenue division,PENDING_VERIFICATION,PENDING_GEOCODING,PENDING_GEOCODING,"Wikipedia 'List of revenue divisions in Telangana', compiling: Telangana State Portal (State Profile), Chief Commissioner of Land Administration (ccla.telangana.gov.in), and individual District Revenue Department notifications",https://en.wikipedia.org/wiki/List_of_revenue_divisions_in_Telangana,2026-07-19,2026-07-19,82,VST-NEEDS_REVIEW,ValueWeave Data Factory (AI-assisted) — PENDING human Data Steward sign-off,1.0.0-draft,CC BY-SA 4.0 (Wikipedia compilation); underlying Government of Telangana source license not independently reconfirmed this pass,"Government of Telangana, Chief Commissioner of Land Administration; compiled via Wikipedia contributors",vw_data_factory,2026-07-19T06:44:32.573319Z,2026-07-19T06:44:32.573319Z,TRUE
66c54a57-f13f-404a-9a51-289bf9db7be3,TG-RRD-RD-4,Shadnagar,Ranga Reddy,RRD,TG,Shadnagar,PENDING_VERIFICATION,Not yet independently verified — table-level district mandal_count exists in the District dataset but is not sub-divided by revenue division,PENDING_VERIFICATION,PENDING_GEOCODING,PENDING_GEOCODING,"Wikipedia 'List of revenue divisions in Telangana', compiling: Telangana State Portal (State Profile), Chief Commissioner of Land Administration (ccla.telangana.gov.in), and individual District Revenue Department notifications",https://en.wikipedia.org/wiki/List_of_revenue_divisions_in_Telangana,2026-07-19,2026-07-19,82,VST-NEEDS_REVIEW,ValueWeave Data Factory (AI-assisted) — PENDING human Data Steward sign-off,1.0.0-draft,CC BY-SA 4.0 (Wikipedia compilation); underlying Government of Telangana source license not independently reconfirmed this pass,"Government of Telangana, Chief Commissioner of Land Administration; compiled via Wikipedia contributors",vw_data_factory,2026-07-19T06:44:32.573319Z,2026-07-19T06:44:32.573319Z,TRUE
060f643f-679d-4be5-80df-ac0ea98b807f,TG-RRD-RD-5,Kandukur,Ranga Reddy,RRD,TG,Kandukur,PENDING_VERIFICATION,Not yet independently verified — table-level district mandal_count exists in the District dataset but is not sub-divided by revenue division,PENDING_VERIFICATION,PENDING_GEOCODING,PENDING_GEOCODING,"Wikipedia 'List of revenue divisions in Telangana', compiling: Telangana State Portal (State Profile), Chief Commissioner of Land Administration (ccla.telangana.gov.in), and individual District Revenue Department notifications",https://en.wikipedia.org/wiki/List_of_revenue_divisions_in_Telangana,2026-07-19,2026-07-19,82,VST-NEEDS_REVIEW,ValueWeave Data Factory (AI-assisted) — PENDING human Data Steward sign-off,1.0.0-draft,CC BY-SA 4.0 (Wikipedia compilation); underlying Government of Telangana source license not independently reconfirmed this pass,"Government of Telangana, Chief Commissioner of Land Administration; compiled via Wikipedia contributors",vw_data_factory,2026-07-19T06:44:32.573319Z,2026-07-19T06:44:32.573319Z,TRUE
0d5ad8a1-c181-4a3e-8bcf-6233b5ec1f7c,TG-SDP-RD-1,Siddipet,Siddipet,SDP,TG,Siddipet,PENDING_VERIFICATION,Not yet independently verified — table-level district mandal_count exists in the District dataset but is not sub-divided by revenue division,PENDING_VERIFICATION,PENDING_GEOCODING,PENDING_GEOCODING,"Wikipedia 'List of revenue divisions in Telangana', compiling: Telangana State Portal (State Profile), Chief Commissioner of Land Administration (ccla.telangana.gov.in), and individual District Revenue Department notifications",https://en.wikipedia.org/wiki/List_of_revenue_divisions_in_Telangana,2026-07-19,2026-07-19,82,VST-NEEDS_REVIEW,ValueWeave Data Factory (AI-assisted) — PENDING human Data Steward sign-off,1.0.0-draft,CC BY-SA 4.0 (Wikipedia compilation); underlying Government of Telangana source license not independently reconfirmed this pass,"Government of Telangana, Chief Commissioner of Land Administration; compiled via Wikipedia contributors",vw_data_factory,2026-07-19T06:44:32.573319Z,2026-07-19T06:44:32.573319Z,TRUE
bc62ec64-b6a1-45ea-bffd-293510b1e590,TG-SDP-RD-2,Gajwel,Siddipet,SDP,TG,Gajwel,PENDING_VERIFICATION,Not yet independently verified — table-level district mandal_count exists in the District dataset but is not sub-divided by revenue division,PENDING_VERIFICATION,PENDING_GEOCODING,PENDING_GEOCODING,"Wikipedia 'List of revenue divisions in Telangana', compiling: Telangana State Portal (State Profile), Chief Commissioner of Land Administration (ccla.telangana.gov.in), and individual District Revenue Department notifications",https://en.wikipedia.org/wiki/List_of_revenue_divisions_in_Telangana,2026-07-19,2026-07-19,82,VST-NEEDS_REVIEW,ValueWeave Data Factory (AI-assisted) — PENDING human Data Steward sign-off,1.0.0-draft,CC BY-SA 4.0 (Wikipedia compilation); underlying Government of Telangana source license not independently reconfirmed this pass,"Government of Telangana, Chief Commissioner of Land Administration; compiled via Wikipedia contributors",vw_data_factory,2026-07-19T06:44:32.573319Z,2026-07-19T06:44:32.573319Z,TRUE
5f7d214a-cfaf-454f-bc53-64d563a23ece,TG-SDP-RD-3,Husnabad,Siddipet,SDP,TG,Husnabad,PENDING_VERIFICATION,Not yet independently verified — table-level district mandal_count exists in the District dataset but is not sub-divided by revenue division,PENDING_VERIFICATION,PENDING_GEOCODING,PENDING_GEOCODING,"Wikipedia 'List of revenue divisions in Telangana', compiling: Telangana State Portal (State Profile), Chief Commissioner of Land Administration (ccla.telangana.gov.in), and individual District Revenue Department notifications",https://en.wikipedia.org/wiki/List_of_revenue_divisions_in_Telangana,2026-07-19,2026-07-19,82,VST-NEEDS_REVIEW,ValueWeave Data Factory (AI-assisted) — PENDING human Data Steward sign-off,1.0.0-draft,CC BY-SA 4.0 (Wikipedia compilation); underlying Government of Telangana source license not independently reconfirmed this pass,"Government of Telangana, Chief Commissioner of Land Administration; compiled via Wikipedia contributors",vw_data_factory,2026-07-19T06:44:32.573319Z,2026-07-19T06:44:32.573319Z,TRUE
ec36e6e7-1f22-49bc-bef4-c8fb7085a41a,TG-SNG-RD-1,Sangareddy,Sangareddy,SNG,TG,Sangareddy,PENDING_VERIFICATION,Not yet independently verified — table-level district mandal_count exists in the District dataset but is not sub-divided by revenue division,PENDING_VERIFICATION,PENDING_GEOCODING,PENDING_GEOCODING,"Wikipedia 'List of revenue divisions in Telangana', compiling: Telangana State Portal (State Profile), Chief Commissioner of Land Administration (ccla.telangana.gov.in), and individual District Revenue Department notifications",https://en.wikipedia.org/wiki/List_of_revenue_divisions_in_Telangana,2026-07-19,2026-07-19,82,VST-NEEDS_REVIEW,ValueWeave Data Factory (AI-assisted) — PENDING human Data Steward sign-off,1.0.0-draft,CC BY-SA 4.0 (Wikipedia compilation); underlying Government of Telangana source license not independently reconfirmed this pass,"Government of Telangana, Chief Commissioner of Land Administration; compiled via Wikipedia contributors",vw_data_factory,2026-07-19T06:44:32.573319Z,2026-07-19T06:44:32.573319Z,TRUE
8c7fc314-99e3-4571-aac2-42e218eed803,TG-SNG-RD-2,Narayankhed,Sangareddy,SNG,TG,Narayankhed,PENDING_VERIFICATION,Not yet independently verified — table-level district mandal_count exists in the District dataset but is not sub-divided by revenue division,PENDING_VERIFICATION,PENDING_GEOCODING,PENDING_GEOCODING,"Wikipedia 'List of revenue divisions in Telangana', compiling: Telangana State Portal (State Profile), Chief Commissioner of Land Administration (ccla.telangana.gov.in), and individual District Revenue Department notifications",https://en.wikipedia.org/wiki/List_of_revenue_divisions_in_Telangana,2026-07-19,2026-07-19,82,VST-NEEDS_REVIEW,ValueWeave Data Factory (AI-assisted) — PENDING human Data Steward sign-off,1.0.0-draft,CC BY-SA 4.0 (Wikipedia compilation); underlying Government of Telangana source license not independently reconfirmed this pass,"Government of Telangana, Chief Commissioner of Land Administration; compiled via Wikipedia contributors",vw_data_factory,2026-07-19T06:44:32.573319Z,2026-07-19T06:44:32.573319Z,TRUE
d21d72df-c8ca-43eb-a435-162c1926b0fe,TG-SNG-RD-3,Zaheerabad,Sangareddy,SNG,TG,Zaheerabad,PENDING_VERIFICATION,Not yet independently verified — table-level district mandal_count exists in the District dataset but is not sub-divided by revenue division,PENDING_VERIFICATION,PENDING_GEOCODING,PENDING_GEOCODING,"Wikipedia 'List of revenue divisions in Telangana', compiling: Telangana State Portal (State Profile), Chief Commissioner of Land Administration (ccla.telangana.gov.in), and individual District Revenue Department notifications",https://en.wikipedia.org/wiki/List_of_revenue_divisions_in_Telangana,2026-07-19,2026-07-19,82,VST-NEEDS_REVIEW,ValueWeave Data Factory (AI-assisted) — PENDING human Data Steward sign-off,1.0.0-draft,CC BY-SA 4.0 (Wikipedia compilation); underlying Government of Telangana source license not independently reconfirmed this pass,"Government of Telangana, Chief Commissioner of Land Administration; compiled via Wikipedia contributors",vw_data_factory,2026-07-19T06:44:32.573319Z,2026-07-19T06:44:32.573319Z,TRUE
95d37e2e-0960-4145-bb03-476657ae1a3f,TG-SNG-RD-4,Andole,Sangareddy,SNG,TG,Andole,PENDING_VERIFICATION,Not yet independently verified — table-level district mandal_count exists in the District dataset but is not sub-divided by revenue division,PENDING_VERIFICATION,PENDING_GEOCODING,PENDING_GEOCODING,"Wikipedia 'List of revenue divisions in Telangana', compiling: Telangana State Portal (State Profile), Chief Commissioner of Land Administration (ccla.telangana.gov.in), and individual District Revenue Department notifications",https://en.wikipedia.org/wiki/List_of_revenue_divisions_in_Telangana,2026-07-19,2026-07-19,82,VST-NEEDS_REVIEW,ValueWeave Data Factory (AI-assisted) — PENDING human Data Steward sign-off,1.0.0-draft,CC BY-SA 4.0 (Wikipedia compilation); underlying Government of Telangana source license not independently reconfirmed this pass,"Government of Telangana, Chief Commissioner of Land Administration; compiled via Wikipedia contributors",vw_data_factory,2026-07-19T06:44:32.573319Z,2026-07-19T06:44:32.573319Z,TRUE
12e53dc6-c005-4865-9daa-949cd280b68f,TG-SRY-RD-1,Suryapet,Suryapet,SRY,TG,Suryapet,11,Directly verified via dedicated Wikipedia revenue-division page (this session),PENDING_VERIFICATION,PENDING_GEOCODING,PENDING_GEOCODING,"Wikipedia 'List of revenue divisions in Telangana', compiling: Telangana State Portal (State Profile), Chief Commissioner of Land Administration (ccla.telangana.gov.in), and individual District Revenue Department notifications",https://en.wikipedia.org/wiki/List_of_revenue_divisions_in_Telangana,2026-07-19,2026-07-19,90,VST-NEEDS_REVIEW,ValueWeave Data Factory (AI-assisted) — PENDING human Data Steward sign-off,1.0.0-draft,CC BY-SA 4.0 (Wikipedia compilation); underlying Government of Telangana source license not independently reconfirmed this pass,"Government of Telangana, Chief Commissioner of Land Administration; compiled via Wikipedia contributors",vw_data_factory,2026-07-19T06:44:32.573319Z,2026-07-19T06:44:32.573319Z,TRUE
7511cb7d-d18a-41f1-9491-cfc68e3743f9,TG-SRY-RD-2,Kodad,Suryapet,SRY,TG,Kodad,5,Directly verified via dedicated Wikipedia revenue-division page (this session),PENDING_VERIFICATION,PENDING_GEOCODING,PENDING_GEOCODING,"Wikipedia 'List of revenue divisions in Telangana', compiling: Telangana State Portal (State Profile), Chief Commissioner of Land Administration (ccla.telangana.gov.in), and individual District Revenue Department notifications",https://en.wikipedia.org/wiki/List_of_revenue_divisions_in_Telangana,2026-07-19,2026-07-19,90,VST-NEEDS_REVIEW,ValueWeave Data Factory (AI-assisted) — PENDING human Data Steward sign-off,1.0.0-draft,CC BY-SA 4.0 (Wikipedia compilation); underlying Government of Telangana source license not independently reconfirmed this pass,"Government of Telangana, Chief Commissioner of Land Administration; compiled via Wikipedia contributors",vw_data_factory,2026-07-19T06:44:32.573319Z,2026-07-19T06:44:32.573319Z,TRUE
c110187c-bb3c-4f35-8aaa-f87031657198,TG-SRY-RD-3,Huzurnagar,Suryapet,SRY,TG,Huzurnagar,PENDING_VERIFICATION,Not yet independently verified — table-level district mandal_count exists in the District dataset but is not sub-divided by revenue division,PENDING_VERIFICATION,PENDING_GEOCODING,PENDING_GEOCODING,"Wikipedia 'List of revenue divisions in Telangana', compiling: Telangana State Portal (State Profile), Chief Commissioner of Land Administration (ccla.telangana.gov.in), and individual District Revenue Department notifications",https://en.wikipedia.org/wiki/List_of_revenue_divisions_in_Telangana,2026-07-19,2026-07-19,82,VST-NEEDS_REVIEW,ValueWeave Data Factory (AI-assisted) — PENDING human Data Steward sign-off,1.0.0-draft,CC BY-SA 4.0 (Wikipedia compilation); underlying Government of Telangana source license not independently reconfirmed this pass,"Government of Telangana, Chief Commissioner of Land Administration; compiled via Wikipedia contributors",vw_data_factory,2026-07-19T06:44:32.573319Z,2026-07-19T06:44:32.573319Z,TRUE
5ec44138-457d-40ae-a4f7-ff8b39164e61,TG-VKB-RD-1,Vikarabad,Vikarabad,VKB,TG,Vikarabad,PENDING_VERIFICATION,Not yet independently verified — table-level district mandal_count exists in the District dataset but is not sub-divided by revenue division,PENDING_VERIFICATION,PENDING_GEOCODING,PENDING_GEOCODING,"Wikipedia 'List of revenue divisions in Telangana', compiling: Telangana State Portal (State Profile), Chief Commissioner of Land Administration (ccla.telangana.gov.in), and individual District Revenue Department notifications",https://en.wikipedia.org/wiki/List_of_revenue_divisions_in_Telangana,2026-07-19,2026-07-19,82,VST-NEEDS_REVIEW,ValueWeave Data Factory (AI-assisted) — PENDING human Data Steward sign-off,1.0.0-draft,CC BY-SA 4.0 (Wikipedia compilation); underlying Government of Telangana source license not independently reconfirmed this pass,"Government of Telangana, Chief Commissioner of Land Administration; compiled via Wikipedia contributors",vw_data_factory,2026-07-19T06:44:32.573319Z,2026-07-19T06:44:32.573319Z,TRUE
ce6a1e97-a130-4323-9ed7-263aff517f13,TG-VKB-RD-2,Tandur,Vikarabad,VKB,TG,Tandur,PENDING_VERIFICATION,Not yet independently verified — table-level district mandal_count exists in the District dataset but is not sub-divided by revenue division,PENDING_VERIFICATION,PENDING_GEOCODING,PENDING_GEOCODING,"Wikipedia 'List of revenue divisions in Telangana', compiling: Telangana State Portal (State Profile), Chief Commissioner of Land Administration (ccla.telangana.gov.in), and individual District Revenue Department notifications",https://en.wikipedia.org/wiki/List_of_revenue_divisions_in_Telangana,2026-07-19,2026-07-19,82,VST-NEEDS_REVIEW,ValueWeave Data Factory (AI-assisted) — PENDING human Data Steward sign-off,1.0.0-draft,CC BY-SA 4.0 (Wikipedia compilation); underlying Government of Telangana source license not independently reconfirmed this pass,"Government of Telangana, Chief Commissioner of Land Administration; compiled via Wikipedia contributors",vw_data_factory,2026-07-19T06:44:32.573319Z,2026-07-19T06:44:32.573319Z,TRUE
54d8f671-6f41-4e68-bca3-c82243088251,TG-WNP-RD-1,Wanaparthy,Wanaparthy,WNP,TG,Wanaparthy,PENDING_VERIFICATION,Not yet independently verified — table-level district mandal_count exists in the District dataset but is not sub-divided by revenue division,PENDING_VERIFICATION,PENDING_GEOCODING,PENDING_GEOCODING,"Wikipedia 'List of revenue divisions in Telangana', compiling: Telangana State Portal (State Profile), Chief Commissioner of Land Administration (ccla.telangana.gov.in), and individual District Revenue Department notifications",https://en.wikipedia.org/wiki/List_of_revenue_divisions_in_Telangana,2026-07-19,2026-07-19,82,VST-NEEDS_REVIEW,ValueWeave Data Factory (AI-assisted) — PENDING human Data Steward sign-off,1.0.0-draft,CC BY-SA 4.0 (Wikipedia compilation); underlying Government of Telangana source license not independently reconfirmed this pass,"Government of Telangana, Chief Commissioner of Land Administration; compiled via Wikipedia contributors",vw_data_factory,2026-07-19T06:44:32.573319Z,2026-07-19T06:44:32.573319Z,TRUE
a16281e4-2bf7-46e1-848a-bfddd26f725a,TG-WGL-RD-1,Warangal,Warangal,WGL,TG,Warangal,PENDING_VERIFICATION,Not yet independently verified — table-level district mandal_count exists in the District dataset but is not sub-divided by revenue division,PENDING_VERIFICATION,PENDING_GEOCODING,PENDING_GEOCODING,"Wikipedia 'List of revenue divisions in Telangana', compiling: Telangana State Portal (State Profile), Chief Commissioner of Land Administration (ccla.telangana.gov.in), and individual District Revenue Department notifications",https://en.wikipedia.org/wiki/List_of_revenue_divisions_in_Telangana,2026-07-19,2026-07-19,82,VST-NEEDS_REVIEW,ValueWeave Data Factory (AI-assisted) — PENDING human Data Steward sign-off,1.0.0-draft,CC BY-SA 4.0 (Wikipedia compilation); underlying Government of Telangana source license not independently reconfirmed this pass,"Government of Telangana, Chief Commissioner of Land Administration; compiled via Wikipedia contributors",vw_data_factory,2026-07-19T06:44:32.573319Z,2026-07-19T06:44:32.573319Z,TRUE
a95a3d9e-8aeb-400c-b6de-ea7554912003,TG-WGL-RD-2,Narsampet,Warangal,WGL,TG,Narsampet,PENDING_VERIFICATION,Not yet independently verified — table-level district mandal_count exists in the District dataset but is not sub-divided by revenue division,PENDING_VERIFICATION,PENDING_GEOCODING,PENDING_GEOCODING,"Wikipedia 'List of revenue divisions in Telangana', compiling: Telangana State Portal (State Profile), Chief Commissioner of Land Administration (ccla.telangana.gov.in), and individual District Revenue Department notifications",https://en.wikipedia.org/wiki/List_of_revenue_divisions_in_Telangana,2026-07-19,2026-07-19,82,VST-NEEDS_REVIEW,ValueWeave Data Factory (AI-assisted) — PENDING human Data Steward sign-off,1.0.0-draft,CC BY-SA 4.0 (Wikipedia compilation); underlying Government of Telangana source license not independently reconfirmed this pass,"Government of Telangana, Chief Commissioner of Land Administration; compiled via Wikipedia contributors",vw_data_factory,2026-07-19T06:44:32.573319Z,2026-07-19T06:44:32.573319Z,TRUE
f3eabdfb-1850-44df-b5fc-d150ae173868,TG-YDB-RD-1,Bhongir,Yadadri Bhuvanagiri,YDB,TG,Bhongir,11,Directly verified via dedicated Wikipedia revenue-division page (this session),PENDING_VERIFICATION,PENDING_GEOCODING,PENDING_GEOCODING,"Wikipedia 'List of revenue divisions in Telangana', compiling: Telangana State Portal (State Profile), Chief Commissioner of Land Administration (ccla.telangana.gov.in), and individual District Revenue Department notifications",https://en.wikipedia.org/wiki/List_of_revenue_divisions_in_Telangana,2026-07-19,2026-07-19,90,VST-NEEDS_REVIEW,ValueWeave Data Factory (AI-assisted) — PENDING human Data Steward sign-off,1.0.0-draft,CC BY-SA 4.0 (Wikipedia compilation); underlying Government of Telangana source license not independently reconfirmed this pass,"Government of Telangana, Chief Commissioner of Land Administration; compiled via Wikipedia contributors",vw_data_factory,2026-07-19T06:44:32.573319Z,2026-07-19T06:44:32.573319Z,TRUE
f1b7d37b-012b-4e7a-9f7c-2d727d8d038c,TG-YDB-RD-2,Choutuppal,Yadadri Bhuvanagiri,YDB,TG,Choutuppal,PENDING_VERIFICATION,Not yet independently verified — table-level district mandal_count exists in the District dataset but is not sub-divided by revenue division,PENDING_VERIFICATION,PENDING_GEOCODING,PENDING_GEOCODING,"Wikipedia 'List of revenue divisions in Telangana', compiling: Telangana State Portal (State Profile), Chief Commissioner of Land Administration (ccla.telangana.gov.in), and individual District Revenue Department notifications",https://en.wikipedia.org/wiki/List_of_revenue_divisions_in_Telangana,2026-07-19,2026-07-19,82,VST-NEEDS_REVIEW,ValueWeave Data Factory (AI-assisted) — PENDING human Data Steward sign-off,1.0.0-draft,CC BY-SA 4.0 (Wikipedia compilation); underlying Government of Telangana source license not independently reconfirmed this pass,"Government of Telangana, Chief Commissioner of Land Administration; compiled via Wikipedia contributors",vw_data_factory,2026-07-19T06:44:32.573319Z,2026-07-19T06:44:32.573319Z,TRUE
